Game_Name,CPU,GPU,VRAM,Mode,Resolution,RAM,FPS
Counter-Strike 2,Intel Core i9-13900K,RTX 4090,24,Ultra,1920x1080,32,541.3
Counter-Strike 2,Intel Core i9-13900K,RTX 4080,16,Ultra,1920x1080,32,504.2
Counter-Strike 2,Intel Core i9-13900K,RTX 3090 Ti,24,Ultra,1920x1080,32,446.5
Counter-Strike 2,Intel Core i9-13900K,RX 7900 XTX,24,Ultra,1920x1080,32,438.2
Counter-Strike 2,Intel Core i9-13900K,RTX 4070 Ti,12,Ultra,1920x1080,32,429.3
Counter-Strike 2,Intel Core i9-13900K,RTX 3090,24,Ultra,1920x1080,32,415.7
Counter-Strike 2,Intel Core i9-13900K,RX 7900 XT,20,Ultra,1920x1080,32,389.0
Counter-Strike 2,Intel Core i9-13900K,RX 6900 XT,16,Ultra,1920x1080,32,372.4
Counter-Strike 2,Intel Core i9-13900K,RTX 3080,10,Ultra,1920x1080,32,370.2
Counter-Strike 2,Intel Core i9-13900K,RTX 4070,12,Ultra,1920x1080,32,348.0
Counter-Strike 2,Intel Core i9-13900K,RX 6800 XT,16,Ultra,1920x1080,32,339.2
Counter-Strike 2,Intel Core i9-13900K,RTX 3070 Ti,8,Ultra,1920x1080,32,327.6
Counter-Strike 2,Intel Core i9-13900K,RTX 2080 Ti,11,Ultra,1920x1080,32,309.9
Counter-Strike 2,Intel Core i9-13900K,RTX 3070,8,Ultra,1920x1080,32,302.2
Counter-Strike 2,Intel Core i9-13900K,RX 7800 XT,16,Ultra,1920x1080,32,287.0
Counter-Strike 2,Intel Core i9-13900K,RX 6800,16,Ultra,1920x1080,32,279.7
Counter-Strike 2,Intel Core i9-13900K,RTX 3060 Ti,8,Ultra,1920x1080,32,262.9
Counter-Strike 2,Intel Core i9-13900K,RTX 4060 Ti,8,Ultra,1920x1080,32,258.6
Counter-Strike 2,Intel Core i9-13900K,RTX 4060 Ti,16,Ultra,1920x1080,32,255.4
Counter-Strike 2,Intel Core i9-13900K,RTX 2080,8,Ultra,1920x1080,32,248.2
Counter-Strike 2,Intel Core i9-13900K,RX 7700 XT,12,Ultra,1920x1080,32,238.4
Counter-Strike 2,Intel Core i9-13900K,RTX 4060,8,Ultra,1920x1080,32,218.7
Counter-Strike 2,Intel Core i9-13900K,RX 6700 XT,12,Ultra,1920x1080,32,209.2
Counter-Strike 2,Intel Core i9-13900K,RTX 2070,8,Ultra,1920x1080,32,204.2
Counter-Strike 2,Intel Core i9-13900K,RTX 3060,12,Ultra,1920x1080,32,189.1
Counter-Strike 2,Intel Core i9-13900K,RX 5700 XT,8,Ultra,1920x1080,32,182.1
Counter-Strike 2,Intel Core i9-13900K,RTX 2060,6,Ultra,1920x1080,32,173.2
Counter-Strike 2,Intel Core i9-13900K,RX 6600 XT,8,Ultra,1920x1080,32,164.4
Counter-Strike 2,Intel Core i9-13900K,Arc A770,16,Ultra,1920x1080,32,151.7
Counter-Strike 2,Intel Core i9-13900K,RX 7600,8,Ultra,1920x1080,32,150.1
Counter-Strike 2,Intel Core i9-13900K,GTX 1660 Super,6,Ultra,1920x1080,32,142.3
Counter-Strike 2,Intel Core i9-13900K,Arc A750,8,Ultra,1920x1080,32,140.7
Counter-Strike 2,Intel Core i9-13900K,RX 6600,8,Ultra,1920x1080,32,140.6
Counter-Strike 2,Intel Core i9-13900K,RTX 3050,8,Ultra,1920x1080,32,133.6
Counter-Strike 2,Intel Core i9-13900K,RX Vega 64,8,Ultra,1920x1080,32,111.8
Counter-Strike 2,Intel Core i9-13900K,RX 6500 XT,4,Ultra,1920x1080,32,88.5
Counter-Strike 2,Intel Core i9-13900K,RX 580,8,Ultra,1920x1080,32,77.6
Counter-Strike 2,Intel Core i9-13900K,RX 6400,4,Ultra,1920x1080,32,69.6
Counter-Strike 2,Intel Core i9-13900K,GTX 1630,4,Ultra,1920x1080,32,50.3
Counter-Strike 2,Intel Core i9-13900K,RTX 4090,24,Ultra,2560x1440,32,457.0
Counter-Strike 2,Intel Core i9-13900K,RTX 4080,16,Ultra,2560x1440,32,362.4
Counter-Strike 2,Intel Core i9-13900K,RX 7900 XTX,24,Ultra,2560x1440,32,323.2
Counter-Strike 2,Intel Core i9-13900K,RTX 3090 Ti,24,Ultra,2560x1440,32,321.5
Counter-Strike 2,Intel Core i9-13900K,RTX 3090,24,Ultra,2560x1440,32,294.8
Counter-Strike 2,Intel Core i9-13900K,RTX 4070 Ti,12,Ultra,2560x1440,32,284.5
Counter-Strike 2,Intel Core i9-13900K,RX 7900 XT,20,Ultra,2560x1440,32,270.8
Counter-Strike 2,Intel Core i9-13900K,RX 6900 XT,16,Ultra,2560x1440,32,267.0
Counter-Strike 2,Intel Core i9-13900K,RTX 3080,10,Ultra,2560x1440,32,256.5
Counter-Strike 2,Intel Core i9-13900K,RX 6800 XT,16,Ultra,2560x1440,32,253.2
Counter-Strike 2,Intel Core i9-13900K,RTX 4070,12,Ultra,2560x1440,32,230.4
Counter-Strike 2,Intel Core i9-13900K,RTX 3070 Ti,8,Ultra,2560x1440,32,222.2
Counter-Strike 2,Intel Core i9-13900K,RTX 2080 Ti,11,Ultra,2560x1440,32,212.5
Counter-Strike 2,Intel Core i9-13900K,RX 6800,16,Ultra,2560x1440,32,207.7
Counter-Strike 2,Intel Core i9-13900K,RTX 3070,8,Ultra,2560x1440,32,206.1
Counter-Strike 2,Intel Core i9-13900K,RX 7800 XT,16,Ultra,2560x1440,32,199.5
Counter-Strike 2,Intel Core i9-13900K,RTX 3060 Ti,8,Ultra,2560x1440,32,178.1
Counter-Strike 2,Intel Core i9-13900K,RTX 4060 Ti,8,Ultra,2560x1440,32,171.1
Counter-Strike 2,Intel Core i9-13900K,RTX 2080,8,Ultra,2560x1440,32,169.8
Counter-Strike 2,Intel Core i9-13900K,RTX 4060 Ti,16,Ultra,2560x1440,32,168.9
Counter-Strike 2,Intel Core i9-13900K,RX 7700 XT,12,Ultra,2560x1440,32,156.2
Counter-Strike 2,Intel Core i9-13900K,RX 6700 XT,12,Ultra,2560x1440,32,152.2
Counter-Strike 2,Intel Core i9-13900K,RTX 4060,8,Ultra,2560x1440,32,145.5
Counter-Strike 2,Intel Core i9-13900K,RTX 2070,8,Ultra,2560x1440,32,136.5
Counter-Strike 2,Intel Core i9-13900K,RX 5700 XT,8,Ultra,2560x1440,32,127.8
Counter-Strike 2,Intel Core i9-13900K,RTX 3060,12,Ultra,2560x1440,32,126.2
Counter-Strike 2,Intel Core i9-13900K,RX 6600 XT,8,Ultra,2560x1440,32,115.6
Counter-Strike 2,Intel Core i9-13900K,RTX 2060,6,Ultra,2560x1440,32,114.0
Counter-Strike 2,Intel Core i9-13900K,Arc A770,16,Ultra,2560x1440,32,109.3
Counter-Strike 2,Intel Core i9-13900K,RX 7600,8,Ultra,2560x1440,32,101.4
Counter-Strike 2,Intel Core i9-13900K,RX 6600,8,Ultra,2560x1440,32,100.1
Counter-Strike 2,Intel Core i9-13900K,Arc A750,8,Ultra,2560x1440,32,99.5
Counter-Strike 2,Intel Core i9-13900K,GTX 1660 Super,6,Ultra,2560x1440,32,95.4
Counter-Strike 2,Intel Core i9-13900K,RTX 3050,8,Ultra,2560x1440,32,90.5
Counter-Strike 2,Intel Core i9-13900K,RX Vega 64,8,Ultra,2560x1440,32,78.4
Counter-Strike 2,Intel Core i9-13900K,GTX 1060,6,Ultra,2560x1440,32,70.0
Counter-Strike 2,Intel Core i9-13900K,RX 6500 XT,4,Ultra,2560x1440,32,60.9
Counter-Strike 2,Intel Core i9-13900K,RX 580,8,Ultra,2560x1440,32,52.3
Counter-Strike 2,Intel Core i9-13900K,RX 6400,4,Ultra,2560x1440,32,47.8
Counter-Strike 2,Intel Core i9-13900K,GTX 1630,4,Ultra,2560x1440,32,33.4
Counter-Strike 2,Intel Core i9-13900K,RTX 4090,24,Ultra,3840x2160,32,237.8
Counter-Strike 2,Intel Core i9-13900K,RTX 4080,16,Ultra,3840x2160,32,182.0
Counter-Strike 2,Intel Core i9-13900K,RTX 3090 Ti,24,Ultra,3840x2160,32,173.5
Counter-Strike 2,Intel Core i9-13900K,RX 7900 XTX,24,Ultra,3840x2160,32,160.1
Counter-Strike 2,Intel Core i9-13900K,RTX 3090,24,Ultra,3840x2160,32,157.5
Counter-Strike 2,Intel Core i9-13900K,RTX 4070 Ti,12,Ultra,3840x2160,32,139.9
Counter-Strike 2,Intel Core i9-13900K,RX 6900 XT,16,Ultra,3840x2160,32,136.4
Counter-Strike 2,Intel Core i9-13900K,RTX 3080,10,Ultra,3840x2160,32,134.5
Counter-Strike 2,Intel Core i9-13900K,RX 7900 XT,20,Ultra,3840x2160,32,133.1
Counter-Strike 2,Intel Core i9-13900K,RX 6800 XT,16,Ultra,3840x2160,32,126.9
Counter-Strike 2,Intel Core i9-13900K,RTX 3070 Ti,8,Ultra,3840x2160,32,115.6
Counter-Strike 2,Intel Core i9-13900K,RTX 4070,12,Ultra,3840x2160,32,114.6
Counter-Strike 2,Intel Core i9-13900K,RTX 2080 Ti,11,Ultra,3840x2160,32,111.0
Counter-Strike 2,Intel Core i9-13900K,RX 6800,16,Ultra,3840x2160,32,108.4
Counter-Strike 2,Intel Core i9-13900K,RTX 3070,8,Ultra,3840x2160,32,107.7
Counter-Strike 2,Intel Core i9-13900K,RX 7800 XT,16,Ultra,3840x2160,32,100.0
Counter-Strike 2,Intel Core i9-13900K,RTX 3060 Ti,8,Ultra,3840x2160,32,92.0
Counter-Strike 2,Intel Core i9-13900K,RTX 2080,8,Ultra,3840x2160,32,88.1
Counter-Strike 2,Intel Core i9-13900K,RTX 4060 Ti,8,Ultra,3840x2160,32,85.2
Counter-Strike 2,Intel Core i9-13900K,RTX 4060 Ti,16,Ultra,3840x2160,32,83.4
Counter-Strike 2,Intel Core i9-13900K,RX 6700 XT,12,Ultra,3840x2160,32,78.0
Counter-Strike 2,Intel Core i9-13900K,RX 7700 XT,12,Ultra,3840x2160,32,77.3
Counter-Strike 2,Intel Core i9-13900K,RTX 4060,8,Ultra,3840x2160,32,72.7
Counter-Strike 2,Intel Core i9-13900K,RTX 2070,8,Ultra,3840x2160,32,71.0
Counter-Strike 2,Intel Core i9-13900K,RX 5700 XT,8,Ultra,3840x2160,32,68.0
Counter-Strike 2,Intel Core i9-13900K,RTX 3060,12,Ultra,3840x2160,32,65.4
Counter-Strike 2,Intel Core i9-13900K,RX 6600 XT,8,Ultra,3840x2160,32,60.2
Counter-Strike 2,Intel Core i9-13900K,Arc A770,16,Ultra,3840x2160,32,59.7
Counter-Strike 2,Intel Core i9-13900K,RTX 2060,6,Ultra,3840x2160,32,58.4
Counter-Strike 2,Intel Core i9-13900K,RX 6600,8,Ultra,3840x2160,32,51.2
Counter-Strike 2,Intel Core i9-13900K,RX 7600,8,Ultra,3840x2160,32,50.0
Counter-Strike 2,Intel Core i9-13900K,GTX 1660 Super,6,Ultra,3840x2160,32,47.8
Counter-Strike 2,Intel Core i9-13900K,RTX 3050,8,Ultra,3840x2160,32,46.1
Counter-Strike 2,Intel Core i9-13900K,Arc A750,8,Ultra,3840x2160,32,41.5
Counter-Strike 2,Intel Core i9-13900K,RX Vega 64,8,Ultra,3840x2160,32,36.6
Counter-Strike 2,Intel Core i9-13900K,GTX 1060,6,Ultra,3840x2160,32,35.5
Counter-Strike 2,Intel Core i9-13900K,RX 580,8,Ultra,3840x2160,32,26.6
Counter-Strike 2,Intel Core i9-13900K,RX 6500 XT,4,Ultra,3840x2160,32,19.5
Counter-Strike 2,Intel Core i9-13900K,RX 6400,4,Ultra,3840x2160,32,18.1
Counter-Strike 2,Intel Core i9-13900K,GTX 1630,4,Ultra,3840x2160,32,13.0
Counter-Strike 2,Intel Core i5-3570K,Vega 56,8,Ultra,1920x1080,16,148
Counter-Strike 2,AMD Ryzen 7 7700,RX 9070 XT,16,Medium,2560x1440,32,514.4
Cyberpunk 2077,Intel Core i9-9900K,GTX 1060,3,Ultra,1920x1080,16,23.1
Cyberpunk 2077,Intel Core i9-9900K,GTX 1060,6,Ultra,1920x1080,16,26.6
Cyberpunk 2077,Intel Core i9-9900K,RX 5500 XT,4,Ultra,1920x1080,16,26.8
Cyberpunk 2077,Intel Core i9-9900K,RX 580,8,Ultra,1920x1080,16,28.0
Cyberpunk 2077,Intel Core i9-9900K,GTX 1070,8,Ultra,1920x1080,16,36.9
Cyberpunk 2077,Intel Core i9-9900K,GTX 1660 Ti,6,Ultra,1920x1080,16,43.2
Cyberpunk 2077,Intel Core i9-9900K,GTX 1080,8,Ultra,1920x1080,16,45.3
Cyberpunk 2077,Intel Core i9-9900K,RX 5600 XT,6,Ultra,1920x1080,16,47.1
Cyberpunk 2077,Intel Core i9-9900K,RX Vega 64,8,Ultra,1920x1080,16,48.8
Cyberpunk 2077,Intel Core i9-9900K,RTX 2060,6,Ultra,1920x1080,16,54.0
Cyberpunk 2077,Intel Core i9-9900K,GTX 1080 Ti,11,Ultra,1920x1080,16,57.7
Cyberpunk 2077,Intel Core i9-9900K,RX 5700 XT,8,Ultra,1920x1080,16,61.1
Cyberpunk 2077,Intel Core i9-9900K,RTX 2070,8,Ultra,1920x1080,16,63.2
Cyberpunk 2077,Intel Core i9-9900K,RTX 2080,8,Ultra,1920x1080,16,75.3
Cyberpunk 2077,Intel Core i9-9900K,RTX 3060 Ti,8,Ultra,1920x1080,16,78.3
Cyberpunk 2077,Intel Core i9-9900K,RTX 3070,8,Ultra,1920x1080,16,87.8
Cyberpunk 2077,Intel Core i9-9900K,RX 6800,16,Ultra,1920x1080,16,89.5
Cyberpunk 2077,Intel Core i9-9900K,RTX 2080 Ti,11,Ultra,1920x1080,16,92.1
Cyberpunk 2077,Intel Core i9-9900K,RX 6800 XT,16,Ultra,1920x1080,16,106.5
Cyberpunk 2077,Intel Core i9-9900K,RTX 3080,10,Ultra,1920x1080,16,108.5
Cyberpunk 2077,Intel Core i9-9900K,RX 6900 XT,16,Ultra,1920x1080,16,112.7
Cyberpunk 2077,Intel Core i9-9900K,RTX 3090,24,Ultra,1920x1080,16,120.7
Cyberpunk 2077,Intel Core i9-9900K,GTX 1060,3,Ultra,2560x1440,16,13.6
Cyberpunk 2077,Intel Core i9-9900K,GTX 1060,6,Ultra,2560x1440,16,15.7
Cyberpunk 2077,Intel Core i9-9900K,RX 5500 XT,4,Ultra,2560x1440,16,16.3
Cyberpunk 2077,Intel Core i9-9900K,RX 580,8,Ultra,2560x1440,16,17.9
Cyberpunk 2077,Intel Core i9-9900K,GTX 1070,8,Ultra,2560x1440,16,23.1
Cyberpunk 2077,Intel Core i9-9900K,GTX 1660 Ti,6,Ultra,2560x1440,16,25.7
Cyberpunk 2077,Intel Core i9-9900K,GTX 1080,8,Ultra,2560x1440,16,26.8
Cyberpunk 2077,Intel Core i9-9900K,RX 5600 XT,6,Ultra,2560x1440,16,28.5
Cyberpunk 2077,Intel Core i9-9900K,RX Vega 64,8,Ultra,2560x1440,16,31.0
Cyberpunk 2077,Intel Core i9-9900K,RTX 2060,6,Ultra,2560x1440,16,33.1
Cyberpunk 2077,Intel Core i9-9900K,GTX 1080 Ti,11,Ultra,2560x1440,16,35.7
Cyberpunk 2077,Intel Core i9-9900K,RX 5700 XT,8,Ultra,2560x1440,16,36.7
Cyberpunk 2077,Intel Core i9-9900K,RTX 2070,8,Ultra,2560x1440,16,39.1
Cyberpunk 2077,Intel Core i9-9900K,RTX 2080,8,Ultra,2560x1440,16,47.6
Cyberpunk 2077,Intel Core i9-9900K,RTX 3060 Ti,8,Ultra,2560x1440,16,49.1
Cyberpunk 2077,Intel Core i9-9900K,RTX 3070,8,Ultra,2560x1440,16,56.1
Cyberpunk 2077,Intel Core i9-9900K,RTX 2080 Ti,11,Ultra,2560x1440,16,58.3
Cyberpunk 2077,Intel Core i9-9900K,RX 6800,16,Ultra,2560x1440,16,60.5
Cyberpunk 2077,Intel Core i9-9900K,RX 6800 XT,16,Ultra,2560x1440,16,70.6
Cyberpunk 2077,Intel Core i9-9900K,RTX 3080,10,Ultra,2560x1440,16,71.4
Cyberpunk 2077,Intel Core i9-9900K,RX 6900 XT,16,Ultra,2560x1440,16,75.1
Cyberpunk 2077,Intel Core i9-9900K,RTX 3090,24,Ultra,2560x1440,16,78.1
Cyberpunk 2077,Intel Core i9-9900K,GTX 1060,3,Ultra,3840x2160,16,5.5
Cyberpunk 2077,Intel Core i9-9900K,RX 5500 XT,4,Ultra,3840x2160,16,5.6
Cyberpunk 2077,Intel Core i9-9900K,GTX 1060,6,Ultra,3840x2160,16,6.8
Cyberpunk 2077,Intel Core i9-9900K,GTX 1070,8,Ultra,3840x2160,16,10.0
Cyberpunk 2077,Intel Core i9-9900K,GTX 1080,8,Ultra,3840x2160,16,10.9
Cyberpunk 2077,Intel Core i9-9900K,GTX 1660 Ti,6,Ultra,3840x2160,16,11.4
Cyberpunk 2077,Intel Core i9-9900K,RX 5600 XT,6,Ultra,3840x2160,16,11.7
Cyberpunk 2077,Intel Core i9-9900K,RX Vega 64,8,Ultra,3840x2160,16,14.0
Cyberpunk 2077,Intel Core i9-9900K,RTX 2060,6,Ultra,3840x2160,16,14.4
Cyberpunk 2077,Intel Core i9-9900K,GTX 1080 Ti,11,Ultra,3840x2160,16,16.2
Cyberpunk 2077,Intel Core i9-9900K,RX 5700 XT,8,Ultra,3840x2160,16,16.4
Cyberpunk 2077,Intel Core i9-9900K,RTX 2070,8,Ultra,3840x2160,16,19.3
Cyberpunk 2077,Intel Core i9-9900K,RTX 2080,8,Ultra,3840x2160,16,23.6
Cyberpunk 2077,Intel Core i9-9900K,RTX 3060 Ti,8,Ultra,3840x2160,16,24.8
Cyberpunk 2077,Intel Core i9-9900K,RTX 3070,8,Ultra,3840x2160,16,29.1
Cyberpunk 2077,Intel Core i9-9900K,RX 6800,16,Ultra,3840x2160,16,29.4
Cyberpunk 2077,Intel Core i9-9900K,RTX 2080 Ti,11,Ultra,3840x2160,16,30.1
Cyberpunk 2077,Intel Core i9-9900K,RX 6800 XT,16,Ultra,3840x2160,16,34.0
Cyberpunk 2077,Intel Core i9-9900K,RX 6900 XT,16,Ultra,3840x2160,16,36.4
Cyberpunk 2077,Intel Core i9-9900K,RTX 3080,10,Ultra,3840x2160,16,38.0
Cyberpunk 2077,Intel Core i9-9900K,RTX 3090,24,Ultra,3840x2160,16,42.3
Cyberpunk 2077,Intel Core i9-13900K,RTX 4090,24,Ultra,1920x1080,32,166.7
Cyberpunk 2077,Intel Core i9-13900K,RTX 4080,16,Ultra,1920x1080,32,150.2
Cyberpunk 2077,Intel Core i9-13900K,RX 7900 XTX,24,Ultra,1920x1080,32,137.5
Cyberpunk 2077,Intel Core i9-13900K,RTX 3090 Ti,24,Ultra,1920x1080,32,130.3
Cyberpunk 2077,Intel Core i9-13900K,RTX 4070 Ti,12,Ultra,1920x1080,32,126.3
Cyberpunk 2077,Intel Core i9-13900K,RX 7900 XT,20,Ultra,1920x1080,32,123.7
Cyberpunk 2077,Intel Core i9-13900K,RTX 3090,24,Ultra,1920x1080,32,118.2
Cyberpunk 2077,Intel Core i9-13900K,RTX 3080,10,Ultra,1920x1080,32,105.8
Cyberpunk 2077,Intel Core i9-13900K,RX 7800 XT,16,Ultra,1920x1080,32,105.2
Cyberpunk 2077,Intel Core i9-13900K,RX 6900 XT,16,Ultra,1920x1080,32,102.5
Cyberpunk 2077,Intel Core i9-13900K,RTX 4070,12,Ultra,1920x1080,32,99.2
Cyberpunk 2077,Intel Core i9-13900K,RX 6800 XT,16,Ultra,1920x1080,32,96.7
Cyberpunk 2077,Intel Core i9-13900K,RX 7700 XT,12,Ultra,1920x1080,32,91.6
Cyberpunk 2077,Intel Core i9-13900K,RTX 3070 Ti,8,Ultra,1920x1080,32,87.2
Cyberpunk 2077,Intel Core i9-13900K,RTX 3070,8,Ultra,1920x1080,32,83.0
Cyberpunk 2077,Intel Core i9-13900K,RTX 2080 Ti,11,Ultra,1920x1080,32,80.7
Cyberpunk 2077,Intel Core i9-13900K,RTX 4060 Ti,16,Ultra,1920x1080,32,80.1
Cyberpunk 2077,Intel Core i9-13900K,RTX 4060 Ti,8,Ultra,1920x1080,32,79.3
Cyberpunk 2077,Intel Core i9-13900K,RTX 3060 Ti,8,Ultra,1920x1080,32,71.5
Cyberpunk 2077,Intel Core i9-13900K,RX 6700 XT,12,Ultra,1920x1080,32,68.1
Cyberpunk 2077,Intel Core i9-13900K,Arc A770,16,Ultra,1920x1080,32,65.5
Cyberpunk 2077,Intel Core i9-13900K,RX 7600,8,Ultra,1920x1080,32,63.3
Cyberpunk 2077,Intel Core i9-13900K,RTX 4060,8,Ultra,1920x1080,32,61.9
Cyberpunk 2077,Intel Core i9-13900K,RX 6600 XT,8,Ultra,1920x1080,32,56.8
Cyberpunk 2077,Intel Core i9-13900K,RTX 3060,12,Ultra,1920x1080,32,54.6
Cyberpunk 2077,Intel Core i9-13900K,RX 5700 XT,8,Ultra,1920x1080,32,44.2
Cyberpunk 2077,Intel Core i9-13900K,RTX 3050,8,Ultra,1920x1080,32,39.9
Cyberpunk 2077,Intel Core i9-13900K,RTX 4090,24,Ultra,2560x1440,32,129.4
Cyberpunk 2077,Intel Core i9-13900K,RTX 4080,16,Ultra,2560x1440,32,103.3
Cyberpunk 2077,Intel Core i9-13900K,RX 7900 XTX,24,Ultra,2560x1440,32,98.0
Cyberpunk 2077,Intel Core i9-13900K,RTX 3090 Ti,24,Ultra,2560x1440,32,90.7
Cyberpunk 2077,Intel Core i9-13900K,RX 7900 XT,20,Ultra,2560x1440,32,86.1
Cyberpunk 2077,Intel Core i9-13900K,RTX 4070 Ti,12,Ultra,2560x1440,32,83.8
Cyberpunk 2077,Intel Core i9-13900K,RTX 3090,24,Ultra,2560x1440,32,79.7
Cyberpunk 2077,Intel Core i9-13900K,RX 7800 XT,16,Ultra,2560x1440,32,73.5
Cyberpunk 2077,Intel Core i9-13900K,RTX 3080,10,Ultra,2560x1440,32,70.9
Cyberpunk 2077,Intel Core i9-13900K,RX 6900 XT,16,Ultra,2560x1440,32,70.5
Cyberpunk 2077,Intel Core i9-13900K,RTX 4070,12,Ultra,2560x1440,32,66.4
Cyberpunk 2077,Intel Core i9-13900K,RX 6800 XT,16,Ultra,2560x1440,32,66.3
Cyberpunk 2077,Intel Core i9-13900K,RX 7700 XT,12,Ultra,2560x1440,32,62.2
Cyberpunk 2077,Intel Core i9-13900K,RTX 3070 Ti,8,Ultra,2560x1440,32,57.6
Cyberpunk 2077,Intel Core i9-13900K,RTX 3070,8,Ultra,2560x1440,32,54.5
Cyberpunk 2077,Intel Core i9-13900K,RTX 2080 Ti,11,Ultra,2560x1440,32,53.5
Cyberpunk 2077,Intel Core i9-13900K,RTX 4060 Ti,8,Ultra,2560x1440,32,51.9
Cyberpunk 2077,Intel Core i9-13900K,RTX 4060 Ti,16,Ultra,2560x1440,32,50.3
Cyberpunk 2077,Intel Core i9-13900K,RTX 3060 Ti,8,Ultra,2560x1440,32,46.5
Cyberpunk 2077,Intel Core i9-13900K,RX 6700 XT,12,Ultra,2560x1440,32,45.4
Cyberpunk 2077,Intel Core i9-13900K,Arc A770,16,Ultra,2560x1440,32,44.7
Cyberpunk 2077,Intel Core i9-13900K,RX 7600,8,Ultra,2560x1440,32,41.5
Cyberpunk 2077,Intel Core i9-13900K,RTX 4060,8,Ultra,2560x1440,32,38.6
Cyberpunk 2077,Intel Core i9-13900K,RX 6600 XT,8,Ultra,2560x1440,32,36.3
Cyberpunk 2077,Intel Core i9-13900K,RTX 3060,12,Ultra,2560x1440,32,35.1
Cyberpunk 2077,Intel Core i9-13900K,RX 5700 XT,8,Ultra,2560x1440,32,29.5
Cyberpunk 2077,Intel Core i9-13900K,RTX 3050,8,Ultra,2560x1440,32,25.4
Cyberpunk 2077,Intel Core i9-13900K,RTX 4090,24,Ultra,3840x2160,32,69.3
Cyberpunk 2077,Intel Core i9-13900K,RX 7900 XTX,24,Ultra,3840x2160,32,53.6
Cyberpunk 2077,Intel Core i9-13900K,RTX 4080,16,Ultra,3840x2160,32,52.7
Cyberpunk 2077,Intel Core i9-13900K,RTX 3090 Ti,24,Ultra,3840x2160,32,48.0
Cyberpunk 2077,Intel Core i9-13900K,RX 7900 XT,20,Ultra,3840x2160,32,45.2
Cyberpunk 2077,Intel Core i9-13900K,RTX 3090,24,Ultra,3840x2160,32,41.8
Cyberpunk 2077,Intel Core i9-13900K,RTX 4070 Ti,12,Ultra,3840x2160,32,41.8
Cyberpunk 2077,Intel Core i9-13900K,RX 7800 XT,16,Ultra,3840x2160,32,36.9
Cyberpunk 2077,Intel Core i9-13900K,RTX 3080,10,Ultra,3840x2160,32,36.8
Cyberpunk 2077,Intel Core i9-13900K,RX 6900 XT,16,Ultra,3840x2160,32,35.4
Cyberpunk 2077,Intel Core i9-13900K,RX 6800 XT,16,Ultra,3840x2160,32,33.2
Cyberpunk 2077,Intel Core i9-13900K,RTX 4070,12,Ultra,3840x2160,32,32.6
Cyberpunk 2077,Intel Core i9-13900K,RX 7700 XT,12,Ultra,3840x2160,32,30.7
Cyberpunk 2077,Intel Core i9-13900K,RTX 3070 Ti,8,Ultra,3840x2160,32,29.1
Cyberpunk 2077,Intel Core i9-13900K,RTX 2080 Ti,11,Ultra,3840x2160,32,27.5
Cyberpunk 2077,Intel Core i9-13900K,RTX 3070,8,Ultra,3840x2160,32,27.5
Cyberpunk 2077,Intel Core i9-13900K,RTX 4060 Ti,8,Ultra,3840x2160,32,25.1
Cyberpunk 2077,Intel Core i9-13900K,RTX 4060 Ti,16,Ultra,3840x2160,32,24.0
Cyberpunk 2077,Intel Core i9-13900K,Arc A770,16,Ultra,3840x2160,32,23.6
Cyberpunk 2077,Intel Core i9-13900K,RTX 3060 Ti,8,Ultra,3840x2160,32,23.1
Cyberpunk 2077,Intel Core i9-13900K,RX 6700 XT,12,Ultra,3840x2160,32,22.1
Cyberpunk 2077,Intel Core i9-13900K,RX 7600,8,Ultra,3840x2160,32,19.3
Cyberpunk 2077,Intel Core i9-13900K,RTX 4060,8,Ultra,3840x2160,32,18.3
Cyberpunk 2077,Intel Core i9-13900K,RTX 3060,12,Ultra,3840x2160,32,17.2
Cyberpunk 2077,Intel Core i9-13900K,RX 6600 XT,8,Ultra,3840x2160,32,16.3
Cyberpunk 2077,Intel Core i9-13900K,RX 5700 XT,8,Ultra,3840x2160,32,14.7
Cyberpunk 2077,Intel Core i9-13900K,RTX 3050,8,Ultra,3840x2160,32,12.3
Death Stranding,Intel Core i9-9900K,GTX 1060,3,Ultra,1920x1080,16,53.6
Death Stranding,Intel Core i9-9900K,GTX 1060,6,Ultra,1920x1080,16,58.3
Death Stranding,Intel Core i9-9900K,RX 570,4,Ultra,1920x1080,16,59.0
Death Stranding,Intel Core i9-9900K,RX 580,8,Ultra,1920x1080,16,66.0
Death Stranding,Intel Core i9-9900K,RX 590,8,Ultra,1920x1080,16,72.3
Death Stranding,Intel Core i9-9900K,GTX 1650 Super,4,Ultra,1920x1080,16,73.6
Death Stranding,Intel Core i9-9900K,RX 5500 XT,4,Ultra,1920x1080,16,75.4
Death Stranding,Intel Core i9-9900K,GTX 1070,8,Ultra,1920x1080,16,75.8
Death Stranding,Intel Core i9-9900K,GTX 1660,6,Ultra,1920x1080,16,79.4
Death Stranding,Intel Core i9-9900K,GTX 1070 Ti,8,Ultra,1920x1080,16,86.8
Death Stranding,Intel Core i9-9900K,GTX 1660 Super,6,Ultra,1920x1080,16,88.7
Death Stranding,Intel Core i9-9900K,GTX 1660 Ti,6,Ultra,1920x1080,16,90.3
Death Stranding,Intel Core i9-9900K,GTX 1080,8,Ultra,1920x1080,16,91.9
Death Stranding,Intel Core i9-9900K,RX Vega 56,8,Ultra,1920x1080,16,91.9
Death Stranding,Intel Core i9-9900K,RX Vega 64,8,Ultra,1920x1080,16,100.2
Death Stranding,Intel Core i9-9900K,RTX 2060,6,Ultra,1920x1080,16,103.8
Death Stranding,Intel Core i9-9900K,RX 5600 XT,6,Ultra,1920x1080,16,105.9
Death Stranding,Intel Core i9-9900K,GTX 1080 Ti,11,Ultra,1920x1080,16,109.1
Death Stranding,Intel Core i9-9900K,RX 5700,8,Ultra,1920x1080,16,113.8
Death Stranding,Intel Core i9-9900K,RTX 2060 Super,8,Ultra,1920x1080,16,114.6
Death Stranding,Intel Core i9-9900K,Radeon VII,16,Ultra,1920x1080,16,115.0
Death Stranding,Intel Core i9-9900K,RTX 2070,8,Ultra,1920x1080,16,116.1
Death Stranding,Intel Core i9-9900K,RTX 2070 Super,8,Ultra,1920x1080,16,130.7
Death Stranding,Intel Core i9-9900K,RX 5700 XT,8,Ultra,1920x1080,16,132.9
Death Stranding,Intel Core i9-9900K,RTX 2080,8,Ultra,1920x1080,16,138.0
Death Stranding,Intel Core i9-9900K,RTX 2080 Super,8,Ultra,1920x1080,16,143.9
Death Stranding,Intel Core i9-9900K,RTX 2080 Ti,11,Ultra,1920x1080,16,157.6
Death Stranding,Intel Core i9-9900K,GTX 1060,3,Ultra,2560x1440,16,38.2
Death Stranding,Intel Core i9-9900K,GTX 1060,6,Ultra,2560x1440,16,42.2
Death Stranding,Intel Core i9-9900K,RX 570,4,Ultra,2560x1440,16,43.3
Death Stranding,Intel Core i9-9900K,RX 580,8,Ultra,2560x1440,16,48.9
Death Stranding,Intel Core i9-9900K,GTX 1650 Super,4,Ultra,2560x1440,16,51.7
Death Stranding,Intel Core i9-9900K,RX 590,8,Ultra,2560x1440,16,53.7
Death Stranding,Intel Core i9-9900K,RX 5500 XT,4,Ultra,2560x1440,16,53.9
Death Stranding,Intel Core i9-9900K,GTX 1070,8,Ultra,2560x1440,16,56.5
Death Stranding,Intel Core i9-9900K,GTX 1660,6,Ultra,2560x1440,16,56.5
Death Stranding,Intel Core i9-9900K,GTX 1660 Super,6,Ultra,2560x1440,16,64.4
Death Stranding,Intel Core i9-9900K,GTX 1070 Ti,8,Ultra,2560x1440,16,64.8
Death Stranding,Intel Core i9-9900K,GTX 1660 Ti,6,Ultra,2560x1440,16,65.1
Death Stranding,Intel Core i9-9900K,RX Vega 56,8,Ultra,2560x1440,16,68.1
Death Stranding,Intel Core i9-9900K,GTX 1080,8,Ultra,2560x1440,16,69.0
Death Stranding,Intel Core i9-9900K,RX Vega 64,8,Ultra,2560x1440,16,75.1
Death Stranding,Intel Core i9-9900K,RTX 2060,6,Ultra,2560x1440,16,75.5
Death Stranding,Intel Core i9-9900K,RX 5600 XT,6,Ultra,2560x1440,16,78.6
Death Stranding,Intel Core i9-9900K,RTX 2060 Super,8,Ultra,2560x1440,16,84.1
Death Stranding,Intel Core i9-9900K,GTX 1080 Ti,11,Ultra,2560x1440,16,85.1
Death Stranding,Intel Core i9-9900K,RTX 2070,8,Ultra,2560x1440,16,86.1
Death Stranding,Intel Core i9-9900K,RX 5700,8,Ultra,2560x1440,16,86.9
Death Stranding,Intel Core i9-9900K,Radeon VII,16,Ultra,2560x1440,16,90.4
Death Stranding,Intel Core i9-9900K,RTX 2070 Super,8,Ultra,2560x1440,16,97.9
Death Stranding,Intel Core i9-9900K,RX 5700 XT,8,Ultra,2560x1440,16,98.8
Death Stranding,Intel Core i9-9900K,RTX 2080,8,Ultra,2560x1440,16,105.6
Death Stranding,Intel Core i9-9900K,RTX 2080 Super,8,Ultra,2560x1440,16,110.1
Death Stranding,Intel Core i9-9900K,RTX 2080 Ti,11,Ultra,2560x1440,16,124.0
Death Stranding,Intel Core i9-9900K,GTX 1060,3,Ultra,3840x2160,16,18.8
Death Stranding,Intel Core i9-9900K,RX 570,4,Ultra,3840x2160,16,21.9
Death Stranding,Intel Core i9-9900K,GTX 1060,6,Ultra,3840x2160,16,23.6
Death Stranding,Intel Core i9-9900K,RX 580,8,Ultra,3840x2160,16,25.8
Death Stranding,Intel Core i9-9900K,RX 5500 XT,4,Ultra,3840x2160,16,26.1
Death Stranding,Intel Core i9-9900K,GTX 1650 Super,4,Ultra,3840x2160,16,27.2
Death Stranding,Intel Core i9-9900K,RX 590,8,Ultra,3840x2160,16,28.0
Death Stranding,Intel Core i9-9900K,GTX 1660,6,Ultra,3840x2160,16,31.0
Death Stranding,Intel Core i9-9900K,GTX 1070,8,Ultra,3840x2160,16,32.7
Death Stranding,Intel Core i9-9900K,GTX 1660 Super,6,Ultra,3840x2160,16,35.4
Death Stranding,Intel Core i9-9900K,GTX 1660 Ti,6,Ultra,3840x2160,16,35.6
Death Stranding,Intel Core i9-9900K,GTX 1070 Ti,8,Ultra,3840x2160,16,38.0
Death Stranding,Intel Core i9-9900K,RX Vega 56,8,Ultra,3840x2160,16,38.1
Death Stranding,Intel Core i9-9900K,GTX 1080,8,Ultra,3840x2160,16,40.0
Death Stranding,Intel Core i9-9900K,RTX 2060,6,Ultra,3840x2160,16,42.5
Death Stranding,Intel Core i9-9900K,RX Vega 64,8,Ultra,3840x2160,16,43.0
Death Stranding,Intel Core i9-9900K,RX 5600 XT,6,Ultra,3840x2160,16,44.1
Death Stranding,Intel Core i9-9900K,RTX 2060 Super,8,Ultra,3840x2160,16,47.9
Death Stranding,Intel Core i9-9900K,RX 5700,8,Ultra,3840x2160,16,48.7
Death Stranding,Intel Core i9-9900K,RTX 2070,8,Ultra,3840x2160,16,49.8
Death Stranding,Intel Core i9-9900K,GTX 1080 Ti,11,Ultra,3840x2160,16,51.3
Death Stranding,Intel Core i9-9900K,Radeon VII,16,Ultra,3840x2160,16,54.7
Death Stranding,Intel Core i9-9900K,RX 5700 XT,8,Ultra,3840x2160,16,56.1
Death Stranding,Intel Core i9-9900K,RTX 2070 Super,8,Ultra,3840x2160,16,56.9
Death Stranding,Intel Core i9-9900K,RTX 2080,8,Ultra,3840x2160,16,61.5
Death Stranding,Intel Core i9-9900K,RTX 2080 Super,8,Ultra,3840x2160,16,65.5
Death Stranding,Intel Core i9-9900K,RTX 2080 Ti,11,Ultra,3840x2160,16,75.8
Dying Light 2,AMD Ryzen 7 5800X,GTX 1060,6,Ultra,1920x1080,16,36.1
Dying Light 2,AMD Ryzen 7 5800X,RX 580,8,Ultra,1920x1080,16,45.0
Dying Light 2,AMD Ryzen 7 5800X,RX 6500 XT,4,Ultra,1920x1080,16,47.0
Dying Light 2,AMD Ryzen 7 5800X,GTX 1070,8,Ultra,1920x1080,16,50.5
Dying Light 2,AMD Ryzen 7 5800X,GTX 1660 Ti,6,Ultra,1920x1080,16,52.9
Dying Light 2,AMD Ryzen 7 5800X,RTX 3050,8,Ultra,1920x1080,16,58.6
Dying Light 2,AMD Ryzen 7 5800X,RTX 2060,6,Ultra,1920x1080,16,61.0
Dying Light 2,AMD Ryzen 7 5800X,RX 5600 XT,6,Ultra,1920x1080,16,68.9
Dying Light 2,AMD Ryzen 7 5800X,RX Vega 64,8,Ultra,1920x1080,16,75.2
Dying Light 2,AMD Ryzen 7 5800X,GTX 1080 Ti,11,Ultra,1920x1080,16,78.8
Dying Light 2,AMD Ryzen 7 5800X,RTX 3060,12,Ultra,1920x1080,16,81.3
Dying Light 2,AMD Ryzen 7 5800X,RX 6600 XT,8,Ultra,1920x1080,16,87.2
Dying Light 2,AMD Ryzen 7 5800X,RX 5700 XT,8,Ultra,1920x1080,16,87.3
Dying Light 2,AMD Ryzen 7 5800X,RTX 2080,8,Ultra,1920x1080,16,90.6
Dying Light 2,AMD Ryzen 7 5800X,RX 6700 XT,12,Ultra,1920x1080,16,105.0
Dying Light 2,AMD Ryzen 7 5800X,RTX 2080 Ti,11,Ultra,1920x1080,16,109.8
Dying Light 2,AMD Ryzen 7 5800X,RTX 3070,8,Ultra,1920x1080,16,115.7
Dying Light 2,AMD Ryzen 7 5800X,RTX 3080,10,Ultra,1920x1080,16,146.2
Dying Light 2,AMD Ryzen 7 5800X,RX 6800 XT,16,Ultra,1920x1080,16,156.6
Dying Light 2,AMD Ryzen 7 5800X,RTX 3090,24,Ultra,1920x1080,16,166.0
Dying Light 2,AMD Ryzen 7 5800X,RX 6900 XT,16,Ultra,1920x1080,16,171.2
Dying Light 2,AMD Ryzen 7 5800X,GTX 1060,6,Ultra,2560x1440,16,24.3
Dying Light 2,AMD Ryzen 7 5800X,RX 6500 XT,4,Ultra,2560x1440,16,29.5
Dying Light 2,AMD Ryzen 7 5800X,RX 580,8,Ultra,2560x1440,16,31.2
Dying Light 2,AMD Ryzen 7 5800X,GTX 1070,8,Ultra,2560x1440,16,32.6
Dying Light 2,AMD Ryzen 7 5800X,GTX 1660 Ti,6,Ultra,2560x1440,16,36.2
Dying Light 2,AMD Ryzen 7 5800X,RTX 3050,8,Ultra,2560x1440,16,40.3
Dying Light 2,AMD Ryzen 7 5800X,RTX 2060,6,Ultra,2560x1440,16,43.8
Dying Light 2,AMD Ryzen 7 5800X,RX 5600 XT,6,Ultra,2560x1440,16,47.7
Dying Light 2,AMD Ryzen 7 5800X,RX Vega 64,8,Ultra,2560x1440,16,53.6
Dying Light 2,AMD Ryzen 7 5800X,GTX 1080 Ti,11,Ultra,2560x1440,16,55.5
Dying Light 2,AMD Ryzen 7 5800X,RTX 3060,12,Ultra,2560x1440,16,56.7
Dying Light 2,AMD Ryzen 7 5800X,RX 6600 XT,8,Ultra,2560x1440,16,56.9
Dying Light 2,AMD Ryzen 7 5800X,RTX 2080,8,Ultra,2560x1440,16,62.8
Dying Light 2,AMD Ryzen 7 5800X,RX 5700 XT,8,Ultra,2560x1440,16,64.6
Dying Light 2,AMD Ryzen 7 5800X,RX 6700 XT,12,Ultra,2560x1440,16,80.2
Dying Light 2,AMD Ryzen 7 5800X,RTX 2080 Ti,11,Ultra,2560x1440,16,83.4
Dying Light 2,AMD Ryzen 7 5800X,RTX 3070,8,Ultra,2560x1440,16,85.9
Dying Light 2,AMD Ryzen 7 5800X,RX 6800 XT,16,Ultra,2560x1440,16,110.5
Dying Light 2,AMD Ryzen 7 5800X,RTX 3080,10,Ultra,2560x1440,16,111.0
Dying Light 2,AMD Ryzen 7 5800X,RTX 3090,24,Ultra,2560x1440,16,126.1
Dying Light 2,AMD Ryzen 7 5800X,RX 6900 XT,16,Ultra,2560x1440,16,128.9
Dying Light 2,AMD Ryzen 7 5800X,GTX 1060,6,Ultra,3840x2160,16,11.0
Dying Light 2,AMD Ryzen 7 5800X,RX 6500 XT,4,Ultra,3840x2160,16,14.3
Dying Light 2,AMD Ryzen 7 5800X,RX 580,8,Ultra,3840x2160,16,14.6
Dying Light 2,AMD Ryzen 7 5800X,GTX 1070,8,Ultra,3840x2160,16,15.8
Dying Light 2,AMD Ryzen 7 5800X,GTX 1660 Ti,6,Ultra,3840x2160,16,18.7
Dying Light 2,AMD Ryzen 7 5800X,RTX 3050,8,Ultra,3840x2160,16,19.5
Dying Light 2,AMD Ryzen 7 5800X,RTX 2060,6,Ultra,3840x2160,16,23.1
Dying Light 2,AMD Ryzen 7 5800X,RX 5600 XT,6,Ultra,3840x2160,16,25.5
Dying Light 2,AMD Ryzen 7 5800X,GTX 1080 Ti,11,Ultra,3840x2160,16,29.4
Dying Light 2,AMD Ryzen 7 5800X,RX Vega 64,8,Ultra,3840x2160,16,29.7
Dying Light 2,AMD Ryzen 7 5800X,RTX 3060,12,Ultra,3840x2160,16,30.8
Dying Light 2,AMD Ryzen 7 5800X,RX 6600 XT,8,Ultra,3840x2160,16,30.9
Dying Light 2,AMD Ryzen 7 5800X,RTX 2080,8,Ultra,3840x2160,16,33.7
Dying Light 2,AMD Ryzen 7 5800X,RX 5700 XT,8,Ultra,3840x2160,16,33.9
Dying Light 2,AMD Ryzen 7 5800X,RX 6700 XT,12,Ultra,3840x2160,16,43.5
Dying Light 2,AMD Ryzen 7 5800X,RTX 2080 Ti,11,Ultra,3840x2160,16,45.2
Dying Light 2,AMD Ryzen 7 5800X,RTX 3070,8,Ultra,3840x2160,16,50.0
Dying Light 2,AMD Ryzen 7 5800X,RTX 3080,10,Ultra,3840x2160,16,59.3
Dying Light 2,AMD Ryzen 7 5800X,RX 6800 XT,16,Ultra,3840x2160,16,65.3
Dying Light 2,AMD Ryzen 7 5800X,RX 6900 XT,16,Ultra,3840x2160,16,71.1
Dying Light 2,AMD Ryzen 7 5800X,RTX 3090,24,Ultra,3840x2160,16,73.9
Red Dead Redemption 2,Intel Core i9-9900K,GTX 1060,6,Ultra,1920x1080,16,26.4
Red Dead Redemption 2,Intel Core i9-9900K,RX 580,8,Ultra,1920x1080,16,34.0
Red Dead Redemption 2,Intel Core i9-9900K,GTX 1070,8,Ultra,1920x1080,16,36.4
Red Dead Redemption 2,Intel Core i9-9900K,RX 590,8,Ultra,1920x1080,16,38.1
Red Dead Redemption 2,Intel Core i9-9900K,GTX 1660,6,Ultra,1920x1080,16,39.4
Red Dead Redemption 2,Intel Core i9-9900K,GTX 1070 Ti,8,Ultra,1920x1080,16,41.5
Red Dead Redemption 2,Intel Core i9-9900K,GTX 1080,8,Ultra,1920x1080,16,43.6
Red Dead Redemption 2,Intel Core i9-9900K,GTX 1660 Ti,6,Ultra,1920x1080,16,44.4
Red Dead Redemption 2,Intel Core i9-9900K,RX Vega 56,8,Ultra,1920x1080,16,48.8
Red Dead Redemption 2,Intel Core i9-9900K,RTX 2060,6,Ultra,1920x1080,16,51.8
Red Dead Redemption 2,Intel Core i9-9900K,RX Vega 64,8,Ultra,1920x1080,16,53.8
Red Dead Redemption 2,Intel Core i9-9900K,GTX 1080 Ti,11,Ultra,1920x1080,16,54.5
Red Dead Redemption 2,Intel Core i9-9900K,RX 5700,8,Ultra,1920x1080,16,58.6
Red Dead Redemption 2,Intel Core i9-9900K,RTX 2060 Super,8,Ultra,1920x1080,16,58.8
Red Dead Redemption 2,Intel Core i9-9900K,RTX 2070,8,Ultra,1920x1080,16,59.4
Red Dead Redemption 2,Intel Core i9-9900K,Radeon VII,16,Ultra,1920x1080,16,64.8
Red Dead Redemption 2,Intel Core i9-9900K,RX 5700 XT,8,Ultra,1920x1080,16,66.9
Red Dead Redemption 2,Intel Core i9-9900K,RTX 2070 Super,8,Ultra,1920x1080,16,70.8
Red Dead Redemption 2,Intel Core i9-9900K,RTX 2080,8,Ultra,1920x1080,16,74.6
Red Dead Redemption 2,Intel Core i9-9900K,RTX 2080 Super,8,Ultra,1920x1080,16,76.4
Red Dead Redemption 2,Intel Core i9-9900K,RTX 2080 Ti,11,Ultra,1920x1080,16,88.2
Red Dead Redemption 2,Intel Core i9-9900K,GTX 1060,6,Ultra,2560x1440,16,20.6
Red Dead Redemption 2,Intel Core i9-9900K,RX 580,8,Ultra,2560x1440,16,26.3
Red Dead Redemption 2,Intel Core i9-9900K,GTX 1070,8,Ultra,2560x1440,16,29.0
Red Dead Redemption 2,Intel Core i9-9900K,GTX 1660,6,Ultra,2560x1440,16,30.9
Red Dead Redemption 2,Intel Core i9-9900K,RX 590,8,Ultra,2560x1440,16,31.0
Red Dead Redemption 2,Intel Core i9-9900K,GTX 1070 Ti,8,Ultra,2560x1440,16,33.2
Red Dead Redemption 2,Intel Core i9-9900K,GTX 1080,8,Ultra,2560x1440,16,34.5
Red Dead Redemption 2,Intel Core i9-9900K,GTX 1660 Ti,6,Ultra,2560x1440,16,35.3
Red Dead Redemption 2,Intel Core i9-9900K,RX Vega 56,8,Ultra,2560x1440,16,40.0
Red Dead Redemption 2,Intel Core i9-9900K,RTX 2060,6,Ultra,2560x1440,16,41.6
Red Dead Redemption 2,Intel Core i9-9900K,RX Vega 64,8,Ultra,2560x1440,16,44.0
Red Dead Redemption 2,Intel Core i9-9900K,GTX 1080 Ti,11,Ultra,2560x1440,16,44.2
Red Dead Redemption 2,Intel Core i9-9900K,RTX 2060 Super,8,Ultra,2560x1440,16,47.0
Red Dead Redemption 2,Intel Core i9-9900K,RX 5700,8,Ultra,2560x1440,16,47.1
Red Dead Redemption 2,Intel Core i9-9900K,RTX 2070,8,Ultra,2560x1440,16,48.4
Red Dead Redemption 2,Intel Core i9-9900K,RX 5700 XT,8,Ultra,2560x1440,16,54.3
Red Dead Redemption 2,Intel Core i9-9900K,RTX 2070 Super,8,Ultra,2560x1440,16,55.0
Red Dead Redemption 2,Intel Core i9-9900K,Radeon VII,16,Ultra,2560x1440,16,55.1
Red Dead Redemption 2,Intel Core i9-9900K,RTX 2080,8,Ultra,2560x1440,16,59.0
Red Dead Redemption 2,Intel Core i9-9900K,RTX 2080 Super,8,Ultra,2560x1440,16,63.0
Red Dead Redemption 2,Intel Core i9-9900K,RTX 2080 Ti,11,Ultra,2560x1440,16,73.2
Red Dead Redemption 2,Intel Core i9-9900K,GTX 1060,6,Ultra,2560x1440,16,12.8
Red Dead Redemption 2,Intel Core i9-9900K,RX 580,8,Ultra,2560x1440,16,16.9
Red Dead Redemption 2,Intel Core i9-9900K,GTX 1070,8,Ultra,2560x1440,16,18.3
Red Dead Redemption 2,Intel Core i9-9900K,GTX 1660,6,Ultra,2560x1440,16,18.4
Red Dead Redemption 2,Intel Core i9-9900K,RX 590,8,Ultra,2560x1440,16,19.4
Red Dead Redemption 2,Intel Core i9-9900K,GTX 1660 Ti,6,Ultra,2560x1440,16,21.2
Red Dead Redemption 2,Intel Core i9-9900K,GTX 1070 Ti,8,Ultra,2560x1440,16,21.6
Red Dead Redemption 2,Intel Core i9-9900K,GTX 1080,8,Ultra,2560x1440,16,22.7
Red Dead Redemption 2,Intel Core i9-9900K,RX Vega 56,8,Ultra,2560x1440,16,25.3
Red Dead Redemption 2,Intel Core i9-9900K,RTX 2060,6,Ultra,2560x1440,16,26.0
Red Dead Redemption 2,Intel Core i9-9900K,RX Vega 64,8,Ultra,2560x1440,16,27.7
Red Dead Redemption 2,Intel Core i9-9900K,RX 5700,8,Ultra,2560x1440,16,29.6
Red Dead Redemption 2,Intel Core i9-9900K,GTX 1080 Ti,11,Ultra,2560x1440,16,29.7
Red Dead Redemption 2,Intel Core i9-9900K,RTX 2060 Super,8,Ultra,2560x1440,16,29.8
Red Dead Redemption 2,Intel Core i9-9900K,RTX 2070,8,Ultra,2560x1440,16,30.5
Red Dead Redemption 2,Intel Core i9-9900K,RX 5700 XT,8,Ultra,2560x1440,16,33.7
Red Dead Redemption 2,Intel Core i9-9900K,RTX 2070 Super,8,Ultra,2560x1440,16,34.8
Red Dead Redemption 2,Intel Core i9-9900K,Radeon VII,16,Ultra,2560x1440,16,36.0
Red Dead Redemption 2,Intel Core i9-9900K,RTX 2080,8,Ultra,2560x1440,16,37.3
Red Dead Redemption 2,Intel Core i9-9900K,RTX 2080 Super,8,Ultra,2560x1440,16,38.5
Red Dead Redemption 2,Intel Core i9-9900K,RTX 2080 Ti,11,Ultra,2560x1440,16,46.2
God of War Ragnarok,Intel Core i9-14900K,RTX 4090,24,Ultra,1920x1080,32,168.7
God of War Ragnarok,Intel Core i9-14900K,RTX 4080 Super,16,Ultra,1920x1080,32,155.5
God of War Ragnarok,Intel Core i9-14900K,RTX 4080,16,Ultra,1920x1080,32,154.4
God of War Ragnarok,Intel Core i9-14900K,RTX 4070 Ti Super,16,Ultra,1920x1080,32,137.6
God of War Ragnarok,Intel Core i9-14900K,RTX 3090 Ti,24,Ultra,1920x1080,32,134.6
God of War Ragnarok,Intel Core i9-14900K,RX 7900 XTX,24,Ultra,1920x1080,32,134.4
God of War Ragnarok,Intel Core i9-14900K,RTX 4070 Ti,12,Ultra,1920x1080,32,131.2
God of War Ragnarok,Intel Core i9-14900K,RTX 3090,24,Ultra,1920x1080,32,124.8
God of War Ragnarok,Intel Core i9-14900K,RTX 4070 Super,12,Ultra,1920x1080,32,122.2
God of War Ragnarok,Intel Core i9-14900K,RX 7900 XT,20,Ultra,1920x1080,32,121.3
God of War Ragnarok,Intel Core i9-14900K,RTX 3080,10,Ultra,1920x1080,32,107.9
God of War Ragnarok,Intel Core i9-14900K,RTX 4070,12,Ultra,1920x1080,32,105.3
God of War Ragnarok,Intel Core i9-14900K,RX 7900 GRE,16,Ultra,1920x1080,32,102.2
God of War Ragnarok,Intel Core i9-14900K,RTX 3070 Ti,8,Ultra,1920x1080,32,89.4
God of War Ragnarok,Intel Core i9-14900K,RX 6900 XT,16,Ultra,1920x1080,32,88.6
God of War Ragnarok,Intel Core i9-14900K,RTX 3070,8,Ultra,1920x1080,32,86.5
God of War Ragnarok,Intel Core i9-14900K,RX 7800 XT,16,Ultra,1920x1080,32,86.1
God of War Ragnarok,Intel Core i9-14900K,RTX 2080 Ti,11,Ultra,1920x1080,32,85.9
God of War Ragnarok,Intel Core i9-14900K,RX 6800 XT,16,Ultra,1920x1080,32,84.3
God of War Ragnarok,Intel Core i9-14900K,RTX 4060 Ti,8,Ultra,1920x1080,32,82.6
God of War Ragnarok,Intel Core i9-14900K,RTX 4060 Ti,16,Ultra,1920x1080,32,81.2
God of War Ragnarok,Intel Core i9-14900K,RX 7700 XT,12,Ultra,1920x1080,32,75.8
God of War Ragnarok,Intel Core i9-14900K,RTX 3060 Ti,8,Ultra,1920x1080,32,72.6
God of War Ragnarok,Intel Core i9-14900K,RX 6800,16,Ultra,1920x1080,32,70.0
God of War Ragnarok,Intel Core i9-14900K,RTX 4060,8,Ultra,1920x1080,32,64.6
God of War Ragnarok,Intel Core i9-14900K,RX 6700 XT,12,Ultra,1920x1080,32,60.9
God of War Ragnarok,Intel Core i9-14900K,RTX 3060,12,Ultra,1920x1080,32,55.3
God of War Ragnarok,Intel Core i9-14900K,RX 7600 XT,16,Ultra,1920x1080,32,53.9
God of War Ragnarok,Intel Core i9-14900K,RX 7600,8,Ultra,1920x1080,32,52.4
God of War Ragnarok,Intel Core i9-14900K,RX 6600 XT,8,Ultra,1920x1080,32,50.7
God of War Ragnarok,Intel Core i9-14900K,RX 6600,8,Ultra,1920x1080,32,45.4
God of War Ragnarok,Intel Core i9-14900K,RX 5700 XT,8,Ultra,1920x1080,32,45.1
God of War Ragnarok,Intel Core i9-14900K,RTX 3050,8,Ultra,1920x1080,32,39.4
God of War Ragnarok,Intel Core i9-14900K,Arc A770,16,Ultra,1920x1080,32,32.7
God of War Ragnarok,Intel Core i9-14900K,Arc A750,8,Ultra,1920x1080,32,31.2
God of War Ragnarok,Intel Core i9-14900K,RTX 4090,24,Ultra,2560x1440,32,161.9
God of War Ragnarok,Intel Core i9-14900K,RTX 4080 Super,16,Ultra,2560x1440,32,130.1
God of War Ragnarok,Intel Core i9-14900K,RTX 4080,16,Ultra,2560x1440,32,128.1
God of War Ragnarok,Intel Core i9-14900K,RX 7900 XTX,24,Ultra,2560x1440,32,113.2
God of War Ragnarok,Intel Core i9-14900K,RTX 4070 Ti Super,16,Ultra,2560x1440,32,110.2
God of War Ragnarok,Intel Core i9-14900K,RTX 3090 Ti,24,Ultra,2560x1440,32,106.2
God of War Ragnarok,Intel Core i9-14900K,RTX 4070 Ti,12,Ultra,2560x1440,32,102.4
God of War Ragnarok,Intel Core i9-14900K,RX 7900 XT,20,Ultra,2560x1440,32,100.6
God of War Ragnarok,Intel Core i9-14900K,RTX 3090,24,Ultra,2560x1440,32,97.2
God of War Ragnarok,Intel Core i9-14900K,RTX 4070 Super,12,Ultra,2560x1440,32,95.2
God of War Ragnarok,Intel Core i9-14900K,RTX 3080,10,Ultra,2560x1440,32,85.5
God of War Ragnarok,Intel Core i9-14900K,RX 7900 GRE,16,Ultra,2560x1440,32,83.8
God of War Ragnarok,Intel Core i9-14900K,RTX 4070,12,Ultra,2560x1440,32,82.6
God of War Ragnarok,Intel Core i9-14900K,RX 7800 XT,16,Ultra,2560x1440,32,73.4
God of War Ragnarok,Intel Core i9-14900K,RX 6900 XT,16,Ultra,2560x1440,32,72.1
God of War Ragnarok,Intel Core i9-14900K,RTX 3070 Ti,8,Ultra,2560x1440,32,69.5
God of War Ragnarok,Intel Core i9-14900K,RX 6800 XT,16,Ultra,2560x1440,32,68.7
God of War Ragnarok,Intel Core i9-14900K,RTX 3070,8,Ultra,2560x1440,32,66.2
God of War Ragnarok,Intel Core i9-14900K,RTX 2080 Ti,11,Ultra,2560x1440,32,64.2
God of War Ragnarok,Intel Core i9-14900K,RX 7700 XT,12,Ultra,2560x1440,32,63.6
God of War Ragnarok,Intel Core i9-14900K,RTX 4060 Ti,8,Ultra,2560x1440,32,62.9
God of War Ragnarok,Intel Core i9-14900K,RTX 4060 Ti,16,Ultra,2560x1440,32,62.6
God of War Ragnarok,Intel Core i9-14900K,RX 6800,16,Ultra,2560x1440,32,57.7
God of War Ragnarok,Intel Core i9-14900K,RTX 3060 Ti,8,Ultra,2560x1440,32,56.3
God of War Ragnarok,Intel Core i9-14900K,RX 6700 XT,12,Ultra,2560x1440,32,49.6
God of War Ragnarok,Intel Core i9-14900K,RTX 4060,8,Ultra,2560x1440,32,48.8
God of War Ragnarok,Intel Core i9-14900K,RX 7600 XT,16,Ultra,2560x1440,32,43.5
God of War Ragnarok,Intel Core i9-14900K,RTX 3060,12,Ultra,2560x1440,32,42.3
God of War Ragnarok,Intel Core i9-14900K,RX 7600,8,Ultra,2560x1440,32,40.6
God of War Ragnarok,Intel Core i9-14900K,RX 6600 XT,8,Ultra,2560x1440,32,40.3
God of War Ragnarok,Intel Core i9-14900K,RX 5700 XT,8,Ultra,2560x1440,32,36.1
God of War Ragnarok,Intel Core i9-14900K,RX 6600,8,Ultra,2560x1440,32,35.4
God of War Ragnarok,Intel Core i9-14900K,RTX 3050,8,Ultra,2560x1440,32,30.3
God of War Ragnarok,Intel Core i9-14900K,Arc A770,16,Ultra,2560x1440,32,24.1
God of War Ragnarok,Intel Core i9-14900K,Arc A750,8,Ultra,2560x1440,32,23.6
God of War Ragnarok,Intel Core i9-14900K,RTX 4090,24,Ultra,3840x2160,32,108.7
God of War Ragnarok,Intel Core i9-14900K,RTX 4080 Super,16,Ultra,3840x2160,32,83.4
God of War Ragnarok,Intel Core i9-14900K,RTX 4080,16,Ultra,3840x2160,32,81.4
God of War Ragnarok,Intel Core i9-14900K,RX 7900 XTX,24,Ultra,3840x2160,32,79.0
God of War Ragnarok,Intel Core i9-14900K,RTX 4070 Ti Super,16,Ultra,3840x2160,32,70.2
God of War Ragnarok,Intel Core i9-14900K,RTX 3090 Ti,24,Ultra,3840x2160,32,69.9
God of War Ragnarok,Intel Core i9-14900K,RX 7900 XT,20,Ultra,3840x2160,32,67.9
God of War Ragnarok,Intel Core i9-14900K,RTX 4070 Ti,12,Ultra,3840x2160,32,64.8
God of War Ragnarok,Intel Core i9-14900K,RTX 3090,24,Ultra,3840x2160,32,62.6
God of War Ragnarok,Intel Core i9-14900K,RTX 4070 Super,12,Ultra,3840x2160,32,60.2
God of War Ragnarok,Intel Core i9-14900K,RX 7900 GRE,16,Ultra,3840x2160,32,56.0
God of War Ragnarok,Intel Core i9-14900K,RTX 3080,10,Ultra,3840x2160,32,55.1
God of War Ragnarok,Intel Core i9-14900K,RTX 4070,12,Ultra,3840x2160,32,51.5
God of War Ragnarok,Intel Core i9-14900K,RX 7800 XT,16,Ultra,3840x2160,32,50.6
God of War Ragnarok,Intel Core i9-14900K,RX 6900 XT,16,Ultra,3840x2160,32,48.0
God of War Ragnarok,Intel Core i9-14900K,RX 6800 XT,16,Ultra,3840x2160,32,45.5
God of War Ragnarok,Intel Core i9-14900K,RTX 3070 Ti,8,Ultra,3840x2160,32,43.9
God of War Ragnarok,Intel Core i9-14900K,RX 7700 XT,12,Ultra,3840x2160,32,43.1
God of War Ragnarok,Intel Core i9-14900K,RTX 3070,8,Ultra,3840x2160,32,41.7
God of War Ragnarok,Intel Core i9-14900K,RTX 2080 Ti,11,Ultra,3840x2160,32,40.7
God of War Ragnarok,Intel Core i9-14900K,RX 6800,16,Ultra,3840x2160,32,39.0
God of War Ragnarok,Intel Core i9-14900K,RTX 4060 Ti,8,Ultra,3840x2160,32,39.0
God of War Ragnarok,Intel Core i9-14900K,RTX 4060 Ti,16,Ultra,3840x2160,32,38.7
God of War Ragnarok,Intel Core i9-14900K,RTX 3060 Ti,8,Ultra,3840x2160,32,35.4
God of War Ragnarok,Intel Core i9-14900K,RX 6700 XT,12,Ultra,3840x2160,32,32.5
God of War Ragnarok,Intel Core i9-14900K,RTX 4060,8,Ultra,3840x2160,32,30.2
God of War Ragnarok,Intel Core i9-14900K,RX 7600 XT,16,Ultra,3840x2160,32,28.7
God of War Ragnarok,Intel Core i9-14900K,RTX 3060,12,Ultra,3840x2160,32,26.4
God of War Ragnarok,Intel Core i9-14900K,RX 5700 XT,8,Ultra,3840x2160,32,21.2
God of War Ragnarok,Intel Core i9-14900K,Arc A770,16,Ultra,3840x2160,32,20.2
God of War Ragnarok,Intel Core i9-14900K,RX 6600 XT,8,Ultra,3840x2160,32,19.8
God of War Ragnarok,Intel Core i9-14900K,RX 7600,8,Ultra,3840x2160,32,19.5
God of War Ragnarok,Intel Core i9-14900K,RTX 3050,8,Ultra,3840x2160,32,18.8
God of War Ragnarok,Intel Core i9-14900K,Arc A750,8,Ultra,3840x2160,32,18.4
God of War Ragnarok,Intel Core i9-14900K,RX 6600,8,Ultra,3840x2160,32,18.2
God of War,AMD Ryzen 7 5800X,RX 5500 XT,4,Ultra,1920x1080,16,19.1
God of War,AMD Ryzen 7 5800X,RX 6500 XT,4,Ultra,1920x1080,16,25.5
God of War,AMD Ryzen 7 5800X,GTX 1060,6,Ultra,1920x1080,16,33.5
God of War,AMD Ryzen 7 5800X,RX 580,8,Ultra,1920x1080,16,36.1
God of War,AMD Ryzen 7 5800X,GTX 1660 Ti,6,Ultra,1920x1080,16,45.9
God of War,AMD Ryzen 7 5800X,GTX 1070,8,Ultra,1920x1080,16,46.3
God of War,AMD Ryzen 7 5800X,RX 5600 XT,6,Ultra,1920x1080,16,46.4
God of War,AMD Ryzen 7 5800X,GTX 1080,8,Ultra,1920x1080,16,56.4
God of War,AMD Ryzen 7 5800X,RTX 2060,6,Ultra,1920x1080,16,57.6
God of War,AMD Ryzen 7 5800X,RX Vega 64,8,Ultra,1920x1080,16,58.2
God of War,AMD Ryzen 7 5800X,RX 6600,8,Ultra,1920x1080,16,58.9
God of War,AMD Ryzen 7 5800X,RTX 3060,12,Ultra,1920x1080,16,66.5
God of War,AMD Ryzen 7 5800X,RX 5700 XT,8,Ultra,1920x1080,16,67.4
God of War,AMD Ryzen 7 5800X,RX 6600 XT,8,Ultra,1920x1080,16,67.5
God of War,AMD Ryzen 7 5800X,RTX 2070,8,Ultra,1920x1080,16,68.4
God of War,AMD Ryzen 7 5800X,GTX 1080 Ti,11,Ultra,1920x1080,16,74.0
God of War,AMD Ryzen 7 5800X,RTX 2080,8,Ultra,1920x1080,16,82.7
God of War,AMD Ryzen 7 5800X,RTX 3060 Ti,8,Ultra,1920x1080,16,87.1
God of War,AMD Ryzen 7 5800X,RX 6700 XT,12,Ultra,1920x1080,16,87.8
God of War,AMD Ryzen 7 5800X,RTX 3070,8,Ultra,1920x1080,16,96.9
God of War,AMD Ryzen 7 5800X,RTX 3070 Ti,8,Ultra,1920x1080,16,102.1
God of War,AMD Ryzen 7 5800X,RX 6800,16,Ultra,1920x1080,16,103.0
God of War,AMD Ryzen 7 5800X,RTX 2080 Ti,11,Ultra,1920x1080,16,103.8
God of War,AMD Ryzen 7 5800X,RX 6800 XT,16,Ultra,1920x1080,16,113.7
God of War,AMD Ryzen 7 5800X,RX 6900 XT,16,Ultra,1920x1080,16,115.6
God of War,AMD Ryzen 7 5800X,RTX 3080,10,Ultra,1920x1080,16,125.6
God of War,AMD Ryzen 7 5800X,RTX 3080 Ti,12,Ultra,1920x1080,16,127.6
God of War,AMD Ryzen 7 5800X,RTX 3090,24,Ultra,1920x1080,16,131.5
God of War,AMD Ryzen 7 5800X,RX 5500 XT,4,Ultra,2560x1440,16,13.9
God of War,AMD Ryzen 7 5800X,RX 6500 XT,4,Ultra,2560x1440,16,18.3
God of War,AMD Ryzen 7 5800X,GTX 1060,6,Ultra,2560x1440,16,25.8
God of War,AMD Ryzen 7 5800X,RX 580,8,Ultra,2560x1440,16,28.0
God of War,AMD Ryzen 7 5800X,RX 5600 XT,6,Ultra,2560x1440,16,29.7
God of War,AMD Ryzen 7 5800X,GTX 1070,8,Ultra,2560x1440,16,35.9
God of War,AMD Ryzen 7 5800X,GTX 1660 Ti,6,Ultra,2560x1440,16,36.0
God of War,AMD Ryzen 7 5800X,GTX 1080,8,Ultra,2560x1440,16,42.8
God of War,AMD Ryzen 7 5800X,RTX 2060,6,Ultra,2560x1440,16,45.0
God of War,AMD Ryzen 7 5800X,RX 6600,8,Ultra,2560x1440,16,45.1
God of War,AMD Ryzen 7 5800X,RX Vega 64,8,Ultra,2560x1440,16,45.6
God of War,AMD Ryzen 7 5800X,RX 5700 XT,8,Ultra,2560x1440,16,51.9
God of War,AMD Ryzen 7 5800X,RX 6600 XT,8,Ultra,2560x1440,16,52.4
God of War,AMD Ryzen 7 5800X,RTX 3060,12,Ultra,2560x1440,16,53.3
God of War,AMD Ryzen 7 5800X,RTX 2070,8,Ultra,2560x1440,16,53.9
God of War,AMD Ryzen 7 5800X,GTX 1080 Ti,11,Ultra,2560x1440,16,57.3
God of War,AMD Ryzen 7 5800X,RTX 2080,8,Ultra,2560x1440,16,65.2
God of War,AMD Ryzen 7 5800X,RX 6700 XT,12,Ultra,2560x1440,16,69.3
God of War,AMD Ryzen 7 5800X,RTX 3060 Ti,8,Ultra,2560x1440,16,69.8
God of War,AMD Ryzen 7 5800X,RTX 3070,8,Ultra,2560x1440,16,79.6
God of War,AMD Ryzen 7 5800X,RTX 3070 Ti,8,Ultra,2560x1440,16,82.3
God of War,AMD Ryzen 7 5800X,RTX 2080 Ti,11,Ultra,2560x1440,16,82.6
God of War,AMD Ryzen 7 5800X,RX 6800,16,Ultra,2560x1440,16,85.3
God of War,AMD Ryzen 7 5800X,RX 6800 XT,16,Ultra,2560x1440,16,96.5
God of War,AMD Ryzen 7 5800X,RX 6900 XT,16,Ultra,2560x1440,16,99.8
God of War,AMD Ryzen 7 5800X,RTX 3080,10,Ultra,2560x1440,16,104.7
God of War,AMD Ryzen 7 5800X,RTX 3080 Ti,12,Ultra,2560x1440,16,108.3
God of War,AMD Ryzen 7 5800X,RTX 3090,24,Ultra,2560x1440,16,112.3
God of War,AMD Ryzen 7 5800X,RX 5500 XT,4,Ultra,3840x2160,16,8.1
God of War,AMD Ryzen 7 5800X,RX 6500 XT,4,Ultra,3840x2160,16,8.1
God of War,AMD Ryzen 7 5800X,RX 5600 XT,6,Ultra,3840x2160,16,12.9
God of War,AMD Ryzen 7 5800X,RX 580,8,Ultra,3840x2160,16,17.3
God of War,AMD Ryzen 7 5800X,GTX 1060,6,Ultra,3840x2160,16,19.5
God of War,AMD Ryzen 7 5800X,GTX 1070,8,Ultra,3840x2160,16,21.9
God of War,AMD Ryzen 7 5800X,GTX 1660 Ti,6,Ultra,3840x2160,16,22.5
God of War,AMD Ryzen 7 5800X,RX 6600,8,Ultra,3840x2160,16,26.4
God of War,AMD Ryzen 7 5800X,GTX 1080,8,Ultra,3840x2160,16,26.6
God of War,AMD Ryzen 7 5800X,RTX 2060,6,Ultra,3840x2160,16,28.0
God of War,AMD Ryzen 7 5800X,RX Vega 64,8,Ultra,3840x2160,16,28.2
God of War,AMD Ryzen 7 5800X,RX 6600 XT,8,Ultra,3840x2160,16,30.8
God of War,AMD Ryzen 7 5800X,RX 5700 XT,8,Ultra,3840x2160,16,32.4
God of War,AMD Ryzen 7 5800X,RTX 2070,8,Ultra,3840x2160,16,33.9
God of War,AMD Ryzen 7 5800X,RTX 3060,12,Ultra,3840x2160,16,34.2
God of War,AMD Ryzen 7 5800X,GTX 1080 Ti,11,Ultra,3840x2160,16,36.0
God of War,AMD Ryzen 7 5800X,RTX 2080,8,Ultra,3840x2160,16,41.7
God of War,AMD Ryzen 7 5800X,RX 6700 XT,12,Ultra,3840x2160,16,43.1
God of War,AMD Ryzen 7 5800X,RTX 3060 Ti,8,Ultra,3840x2160,16,45.4
God of War,AMD Ryzen 7 5800X,RTX 3070,8,Ultra,3840x2160,16,52.6
God of War,AMD Ryzen 7 5800X,RTX 2080 Ti,11,Ultra,3840x2160,16,53.5
God of War,AMD Ryzen 7 5800X,RX 6800,16,Ultra,3840x2160,16,54.5
God of War,AMD Ryzen 7 5800X,RTX 3070 Ti,8,Ultra,3840x2160,16,55.9
God of War,AMD Ryzen 7 5800X,RX 6800 XT,16,Ultra,3840x2160,16,62.0
God of War,AMD Ryzen 7 5800X,RX 6900 XT,16,Ultra,3840x2160,16,65.4
God of War,AMD Ryzen 7 5800X,RTX 3080,10,Ultra,3840x2160,16,70.3
God of War,AMD Ryzen 7 5800X,RTX 3080 Ti,12,Ultra,3840x2160,16,75.7
God of War,AMD Ryzen 7 5800X,RTX 3090,24,Ultra,3840x2160,16,79.9
DOOM: The Dark Ages,AMD Ryzen 7 9800X3D,RTX 5090,32,Ultra,1920x1080,32,178.0
DOOM: The Dark Ages,AMD Ryzen 7 9800X3D,RTX 4090,24,Ultra,1920x1080,32,158.7
DOOM: The Dark Ages,AMD Ryzen 7 9800X3D,RTX 4080 Super,16,Ultra,1920x1080,32,132.7
DOOM: The Dark Ages,AMD Ryzen 7 9800X3D,RTX 4080,16,Ultra,1920x1080,32,132.0
DOOM: The Dark Ages,AMD Ryzen 7 9800X3D,RTX 5080,16,Ultra,1920x1080,32,129.9
DOOM: The Dark Ages,AMD Ryzen 7 9800X3D,RX 9070 XT,16,Ultra,1920x1080,32,128.5
DOOM: The Dark Ages,AMD Ryzen 7 9800X3D,RX 7900 XTX,24,Ultra,1920x1080,32,122.0
DOOM: The Dark Ages,AMD Ryzen 7 9800X3D,RTX 4070 Ti Super,16,Ultra,1920x1080,32,119.4
DOOM: The Dark Ages,AMD Ryzen 7 9800X3D,RTX 5070 Ti,16,Ultra,1920x1080,32,118.9
DOOM: The Dark Ages,AMD Ryzen 7 9800X3D,RX 9070,16,Ultra,1920x1080,32,115.4
DOOM: The Dark Ages,AMD Ryzen 7 9800X3D,RTX 4070 Ti,12,Ultra,1920x1080,32,112.6
DOOM: The Dark Ages,AMD Ryzen 7 9800X3D,RX 7900 XT,20,Ultra,1920x1080,32,107.1
DOOM: The Dark Ages,AMD Ryzen 7 9800X3D,RTX 4070 Super,12,Ultra,1920x1080,32,105.4
DOOM: The Dark Ages,AMD Ryzen 7 9800X3D,RTX 3090 Ti,24,Ultra,1920x1080,32,104.5
DOOM: The Dark Ages,AMD Ryzen 7 9800X3D,RTX 5070,12,Ultra,1920x1080,32,97.7
DOOM: The Dark Ages,AMD Ryzen 7 9800X3D,RTX 4070,12,Ultra,1920x1080,32,93.4
DOOM: The Dark Ages,AMD Ryzen 7 9800X3D,RX 7900 GRE,16,Ultra,1920x1080,32,91.0
DOOM: The Dark Ages,AMD Ryzen 7 9800X3D,RTX 3080,10,Ultra,1920x1080,32,87.2
DOOM: The Dark Ages,AMD Ryzen 7 9800X3D,RX 7800 XT,16,Ultra,1920x1080,32,81.8
DOOM: The Dark Ages,AMD Ryzen 7 9800X3D,RX 6900 XT,16,Ultra,1920x1080,32,78.5
DOOM: The Dark Ages,AMD Ryzen 7 9800X3D,RTX 5060 Ti,8,Ultra,1920x1080,32,76.6
DOOM: The Dark Ages,AMD Ryzen 7 9800X3D,RTX 5060 Ti,16,Ultra,1920x1080,32,76.1
DOOM: The Dark Ages,AMD Ryzen 7 9800X3D,RX 6800 XT,16,Ultra,1920x1080,32,73.6
DOOM: The Dark Ages,AMD Ryzen 7 9800X3D,RTX 4060 Ti,8,Ultra,1920x1080,32,72.7
DOOM: The Dark Ages,AMD Ryzen 7 9800X3D,RTX 4060 Ti,16,Ultra,1920x1080,32,72.4
DOOM: The Dark Ages,AMD Ryzen 7 9800X3D,RTX 3070 Ti,8,Ultra,1920x1080,32,72.3
DOOM: The Dark Ages,AMD Ryzen 7 9800X3D,RX 7700 XT,12,Ultra,1920x1080,32,71.7
DOOM: The Dark Ages,AMD Ryzen 7 9800X3D,RTX 3070,8,Ultra,1920x1080,32,68.4
DOOM: The Dark Ages,AMD Ryzen 7 9800X3D,RX 6800,16,Ultra,1920x1080,32,60.8
DOOM: The Dark Ages,AMD Ryzen 7 9800X3D,RTX 3060 Ti,8,Ultra,1920x1080,32,58.0
DOOM: The Dark Ages,AMD Ryzen 7 9800X3D,RTX 4060,8,Ultra,1920x1080,32,57.4
DOOM: The Dark Ages,AMD Ryzen 7 9800X3D,Arc B580,12,Ultra,1920x1080,32,53.8
DOOM: The Dark Ages,AMD Ryzen 7 9800X3D,RX 6700 XT,12,Ultra,1920x1080,32,49.3
DOOM: The Dark Ages,AMD Ryzen 7 9800X3D,Arc A770,16,Ultra,1920x1080,32,46.1
DOOM: The Dark Ages,AMD Ryzen 7 9800X3D,RTX 3060,12,Ultra,1920x1080,32,45.7
DOOM: The Dark Ages,AMD Ryzen 7 9800X3D,RX 7600 XT,16,Ultra,1920x1080,32,44.6
DOOM: The Dark Ages,AMD Ryzen 7 9800X3D,RX 7600,8,Ultra,1920x1080,32,43.5
DOOM: The Dark Ages,AMD Ryzen 7 9800X3D,RX 6600 XT,8,Ultra,1920x1080,32,37.8
DOOM: The Dark Ages,AMD Ryzen 7 9800X3D,RX 6600,8,Ultra,1920x1080,32,33.4
DOOM: The Dark Ages,AMD Ryzen 7 9800X3D,RTX 3050,8,Ultra,1920x1080,32,31.9
DOOM: The Dark Ages,AMD Ryzen 7 9800X3D,RTX 5090,32,Ultra,2560x1440,32,138.2
DOOM: The Dark Ages,AMD Ryzen 7 9800X3D,RTX 4090,24,Ultra,2560x1440,32,120.2
DOOM: The Dark Ages,AMD Ryzen 7 9800X3D,RTX 4080 Super,16,Ultra,2560x1440,32,96.6
DOOM: The Dark Ages,AMD Ryzen 7 9800X3D,RTX 5080,16,Ultra,2560x1440,32,96.2
DOOM: The Dark Ages,AMD Ryzen 7 9800X3D,RTX 4080,16,Ultra,2560x1440,32,93.1
DOOM: The Dark Ages,AMD Ryzen 7 9800X3D,RX 9070 XT,16,Ultra,2560x1440,32,91.8
DOOM: The Dark Ages,AMD Ryzen 7 9800X3D,RTX 5070 Ti,16,Ultra,2560x1440,32,86.6
DOOM: The Dark Ages,AMD Ryzen 7 9800X3D,RX 7900 XTX,24,Ultra,2560x1440,32,85.7
DOOM: The Dark Ages,AMD Ryzen 7 9800X3D,RTX 4070 Ti Super,16,Ultra,2560x1440,32,84.4
DOOM: The Dark Ages,AMD Ryzen 7 9800X3D,RX 9070,16,Ultra,2560x1440,32,81.1
DOOM: The Dark Ages,AMD Ryzen 7 9800X3D,RTX 4070 Ti,12,Ultra,2560x1440,32,76.9
DOOM: The Dark Ages,AMD Ryzen 7 9800X3D,RTX 3090 Ti,24,Ultra,2560x1440,32,75.7
DOOM: The Dark Ages,AMD Ryzen 7 9800X3D,RX 7900 XT,20,Ultra,2560x1440,32,74.9
DOOM: The Dark Ages,AMD Ryzen 7 9800X3D,RTX 4070 Super,12,Ultra,2560x1440,32,73.7
DOOM: The Dark Ages,AMD Ryzen 7 9800X3D,RTX 5070,12,Ultra,2560x1440,32,68.3
DOOM: The Dark Ages,AMD Ryzen 7 9800X3D,RTX 4070,12,Ultra,2560x1440,32,65.0
DOOM: The Dark Ages,AMD Ryzen 7 9800X3D,RX 7900 GRE,16,Ultra,2560x1440,32,63.0
DOOM: The Dark Ages,AMD Ryzen 7 9800X3D,RTX 3080,10,Ultra,2560x1440,32,62.3
DOOM: The Dark Ages,AMD Ryzen 7 9800X3D,RX 7800 XT,16,Ultra,2560x1440,32,56.6
DOOM: The Dark Ages,AMD Ryzen 7 9800X3D,RX 6900 XT,16,Ultra,2560x1440,32,53.8
DOOM: The Dark Ages,AMD Ryzen 7 9800X3D,RTX 5060 Ti,8,Ultra,2560x1440,32,53.0
DOOM: The Dark Ages,AMD Ryzen 7 9800X3D,RTX 5060 Ti,16,Ultra,2560x1440,32,50.6
DOOM: The Dark Ages,AMD Ryzen 7 9800X3D,RX 6800 XT,16,Ultra,2560x1440,32,50.0
DOOM: The Dark Ages,AMD Ryzen 7 9800X3D,RTX 3070 Ti,8,Ultra,2560x1440,32,49.5
DOOM: The Dark Ages,AMD Ryzen 7 9800X3D,RTX 4060 Ti,8,Ultra,2560x1440,32,49.2
DOOM: The Dark Ages,AMD Ryzen 7 9800X3D,RX 7700 XT,12,Ultra,2560x1440,32,48.7
DOOM: The Dark Ages,AMD Ryzen 7 9800X3D,RTX 4060 Ti,16,Ultra,2560x1440,32,48.7
DOOM: The Dark Ages,AMD Ryzen 7 9800X3D,RTX 3070,8,Ultra,2560x1440,32,46.4
DOOM: The Dark Ages,AMD Ryzen 7 9800X3D,RX 6800,16,Ultra,2560x1440,32,42.1
DOOM: The Dark Ages,AMD Ryzen 7 9800X3D,RTX 3060 Ti,8,Ultra,2560x1440,32,39.5
DOOM: The Dark Ages,AMD Ryzen 7 9800X3D,Arc B580,12,Ultra,2560x1440,32,36.5
DOOM: The Dark Ages,AMD Ryzen 7 9800X3D,RTX 4060,8,Ultra,2560x1440,32,36.4
DOOM: The Dark Ages,AMD Ryzen 7 9800X3D,RX 6700 XT,12,Ultra,2560x1440,32,33.1
DOOM: The Dark Ages,AMD Ryzen 7 9800X3D,RX 7600 XT,16,Ultra,2560x1440,32,29.2
DOOM: The Dark Ages,AMD Ryzen 7 9800X3D,RTX 3060,12,Ultra,2560x1440,32,29.1
DOOM: The Dark Ages,AMD Ryzen 7 9800X3D,Arc A770,16,Ultra,2560x1440,32,28.3
DOOM: The Dark Ages,AMD Ryzen 7 9800X3D,RX 7600,8,Ultra,2560x1440,32,28.2
DOOM: The Dark Ages,AMD Ryzen 7 9800X3D,RX 6600 XT,8,Ultra,2560x1440,32,24.8
DOOM: The Dark Ages,AMD Ryzen 7 9800X3D,RX 6600,8,Ultra,2560x1440,32,21.5
DOOM: The Dark Ages,AMD Ryzen 7 9800X3D,RTX 3050,8,Ultra,2560x1440,32,20.8
DOOM: The Dark Ages,AMD Ryzen 7 9800X3D,RTX 5090,32,Ultra,3840x2160,32,85.9
DOOM: The Dark Ages,AMD Ryzen 7 9800X3D,RTX 4090,24,Ultra,3840x2160,32,67.6
DOOM: The Dark Ages,AMD Ryzen 7 9800X3D,RTX 5080,16,Ultra,3840x2160,32,55.7
DOOM: The Dark Ages,AMD Ryzen 7 9800X3D,RTX 4080 Super,16,Ultra,3840x2160,32,53.5
DOOM: The Dark Ages,AMD Ryzen 7 9800X3D,RTX 4080,16,Ultra,3840x2160,32,52.8
DOOM: The Dark Ages,AMD Ryzen 7 9800X3D,RX 9070 XT,16,Ultra,3840x2160,32,49.4
DOOM: The Dark Ages,AMD Ryzen 7 9800X3D,RTX 5070 Ti,16,Ultra,3840x2160,32,49.3
DOOM: The Dark Ages,AMD Ryzen 7 9800X3D,RX 7900 XTX,24,Ultra,3840x2160,32,46.2
DOOM: The Dark Ages,AMD Ryzen 7 9800X3D,RTX 4070 Ti Super,16,Ultra,3840x2160,32,45.1
DOOM: The Dark Ages,AMD Ryzen 7 9800X3D,RX 9070,16,Ultra,3840x2160,32,42.9
DOOM: The Dark Ages,AMD Ryzen 7 9800X3D,RTX 3090 Ti,24,Ultra,3840x2160,32,41.5
DOOM: The Dark Ages,AMD Ryzen 7 9800X3D,RTX 4070 Ti,12,Ultra,3840x2160,32,40.5
DOOM: The Dark Ages,AMD Ryzen 7 9800X3D,RX 7900 XT,20,Ultra,3840x2160,32,39.6
DOOM: The Dark Ages,AMD Ryzen 7 9800X3D,RTX 5070,12,Ultra,3840x2160,32,37.6
DOOM: The Dark Ages,AMD Ryzen 7 9800X3D,RTX 4070 Super,12,Ultra,3840x2160,32,37.3
DOOM: The Dark Ages,AMD Ryzen 7 9800X3D,RX 7900 GRE,16,Ultra,3840x2160,32,32.9
DOOM: The Dark Ages,AMD Ryzen 7 9800X3D,RTX 3080,10,Ultra,3840x2160,32,32.7
DOOM: The Dark Ages,AMD Ryzen 7 9800X3D,RTX 4070,12,Ultra,3840x2160,32,32.1
DOOM: The Dark Ages,AMD Ryzen 7 9800X3D,RX 7800 XT,16,Ultra,3840x2160,32,29.3
DOOM: The Dark Ages,AMD Ryzen 7 9800X3D,RX 6900 XT,16,Ultra,3840x2160,32,27.6
DOOM: The Dark Ages,AMD Ryzen 7 9800X3D,RTX 5060 Ti,16,Ultra,3840x2160,32,27.6
DOOM: The Dark Ages,AMD Ryzen 7 9800X3D,RX 6800 XT,16,Ultra,3840x2160,32,25.7
DOOM: The Dark Ages,AMD Ryzen 7 9800X3D,RX 7700 XT,12,Ultra,3840x2160,32,24.6
DOOM: The Dark Ages,AMD Ryzen 7 9800X3D,RTX 4060 Ti,16,Ultra,3840x2160,32,23.9
DOOM: The Dark Ages,AMD Ryzen 7 9800X3D,RX 6800,16,Ultra,3840x2160,32,21.4
DOOM: The Dark Ages,AMD Ryzen 7 9800X3D,Arc B580,12,Ultra,3840x2160,32,18.9
DOOM: The Dark Ages,AMD Ryzen 7 9800X3D,RTX 4060 Ti,8,Ultra,3840x2160,32,18.6
DOOM: The Dark Ages,AMD Ryzen 7 9800X3D,RX 6700 XT,12,Ultra,3840x2160,32,16.6
DOOM: The Dark Ages,AMD Ryzen 7 9800X3D,RTX 3070,8,Ultra,3840x2160,32,15.2
DOOM: The Dark Ages,AMD Ryzen 7 9800X3D,RTX 3060 Ti,8,Ultra,3840x2160,32,14.8
DOOM: The Dark Ages,AMD Ryzen 7 9800X3D,RTX 3060,12,Ultra,3840x2160,32,14.7
DOOM: The Dark Ages,AMD Ryzen 7 9800X3D,RX 7600 XT,16,Ultra,3840x2160,32,14.4
DOOM: The Dark Ages,AMD Ryzen 7 9800X3D,Arc A770,16,Ultra,3840x2160,32,14.4
DOOM: The Dark Ages,AMD Ryzen 7 9800X3D,RTX 3070 Ti,8,Ultra,3840x2160,32,13.6
DOOM: The Dark Ages,AMD Ryzen 7 9800X3D,RTX 5060 Ti,8,Ultra,3840x2160,32,13.3
DOOM: The Dark Ages,AMD Ryzen 7 9800X3D,RX 7600,8,Ultra,3840x2160,32,9.7
DOOM: The Dark Ages,AMD Ryzen 7 9800X3D,RX 6600 XT,8,Ultra,3840x2160,32,9.1
DOOM: The Dark Ages,AMD Ryzen 7 9800X3D,RX 6600,8,Ultra,3840x2160,32,8.3
DOOM: The Dark Ages,AMD Ryzen 7 9800X3D,RTX 4060,8,Ultra,3840x2160,32,7.3
DOOM: The Dark Ages,AMD Ryzen 7 9800X3D,RTX 3050,8,Ultra,3840x2160,32,7.2
Elden Ring,AMD Ryzen 7 5800X,RX 580,8,Ultra,1920x1080,16,44.2
Elden Ring,AMD Ryzen 7 5800X,RX 5500 XT,4,Ultra,1920x1080,16,47.6
Elden Ring,AMD Ryzen 7 5800X,RX 6500 XT,4,Ultra,1920x1080,16,52.7
Elden Ring,AMD Ryzen 7 5800X,RTX 3050,8,Ultra,1920x1080,16,58.1
Elden Ring,AMD Ryzen 7 5800X,GTX 1660 Ti,6,Ultra,1920x1080,16,58.3
Elden Ring,AMD Ryzen 7 5800X,RX 5600 XT,6,Ultra,1920x1080,16,58.3
Elden Ring,AMD Ryzen 7 5800X,RX 5700 XT,8,Ultra,1920x1080,16,58.3
Elden Ring,AMD Ryzen 7 5800X,RX 6600,8,Ultra,1920x1080,16,58.3
Elden Ring,AMD Ryzen 7 5800X,RX 6600 XT,8,Ultra,1920x1080,16,58.5
Elden Ring,AMD Ryzen 7 5800X,RTX 2060,6,Ultra,1920x1080,16,58.7
Elden Ring,AMD Ryzen 7 5800X,RX 6700 XT,12,Ultra,1920x1080,16,58.7
Elden Ring,AMD Ryzen 7 5800X,GTX 1070,8,Ultra,1920x1080,16,58.9
Elden Ring,AMD Ryzen 7 5800X,RTX 2080,8,Ultra,1920x1080,16,58.9
Elden Ring,AMD Ryzen 7 5800X,GTX 1080 Ti,11,Ultra,1920x1080,16,59.0
Elden Ring,AMD Ryzen 7 5800X,RTX 3060,12,Ultra,1920x1080,16,59.0
Elden Ring,AMD Ryzen 7 5800X,RX 6800,16,Ultra,1920x1080,16,59.0
Elden Ring,AMD Ryzen 7 5800X,RX Vega 64,8,Ultra,1920x1080,16,59.0
Elden Ring,AMD Ryzen 7 5800X,RTX 3060 Ti,8,Ultra,1920x1080,16,59.1
Elden Ring,AMD Ryzen 7 5800X,RTX 3070,8,Ultra,1920x1080,16,59.1
Elden Ring,AMD Ryzen 7 5800X,RX 6800 XT,16,Ultra,1920x1080,16,59.1
Elden Ring,AMD Ryzen 7 5800X,RTX 3070 Ti,8,Ultra,1920x1080,16,59.2
Elden Ring,AMD Ryzen 7 5800X,RTX 3080,10,Ultra,1920x1080,16,59.2
Elden Ring,AMD Ryzen 7 5800X,RTX 2070,8,Ultra,1920x1080,16,59.4
Elden Ring,AMD Ryzen 7 5800X,RTX 2080 Ti,11,Ultra,1920x1080,16,59.4
Elden Ring,AMD Ryzen 7 5800X,RX 6900 XT,16,Ultra,1920x1080,16,59.4
Elden Ring,AMD Ryzen 7 5800X,RTX 3090,24,Ultra,1920x1080,16,60.0
Elden Ring,AMD Ryzen 7 5800X,RX 580,8,Ultra,2560x1440,16,33.7
Elden Ring,AMD Ryzen 7 5800X,RX 5500 XT,4,Ultra,2560x1440,16,37.0
Elden Ring,AMD Ryzen 7 5800X,RX 6500 XT,4,Ultra,2560x1440,16,39.2
Elden Ring,AMD Ryzen 7 5800X,RTX 3050,8,Ultra,2560x1440,16,45.1
Elden Ring,AMD Ryzen 7 5800X,GTX 1660 Ti,6,Ultra,2560x1440,16,45.7
Elden Ring,AMD Ryzen 7 5800X,GTX 1070,8,Ultra,2560x1440,16,48.0
Elden Ring,AMD Ryzen 7 5800X,RX 5600 XT,6,Ultra,2560x1440,16,50.1
Elden Ring,AMD Ryzen 7 5800X,RX 5700 XT,8,Ultra,2560x1440,16,51.8
Elden Ring,AMD Ryzen 7 5800X,RX Vega 64,8,Ultra,2560x1440,16,52.4
Elden Ring,AMD Ryzen 7 5800X,RTX 2060,6,Ultra,2560x1440,16,54.1
Elden Ring,AMD Ryzen 7 5800X,RX 6600,8,Ultra,2560x1440,16,58.3
Elden Ring,AMD Ryzen 7 5800X,RTX 3060,12,Ultra,2560x1440,16,58.8
Elden Ring,AMD Ryzen 7 5800X,RX 6600 XT,8,Ultra,2560x1440,16,58.9
Elden Ring,AMD Ryzen 7 5800X,RX 6700 XT,12,Ultra,2560x1440,16,59.4
Elden Ring,AMD Ryzen 7 5800X,RTX 2070,8,Ultra,2560x1440,16,59.6
Elden Ring,AMD Ryzen 7 5800X,RTX 3060 Ti,8,Ultra,2560x1440,16,59.6
Elden Ring,AMD Ryzen 7 5800X,RTX 3070,8,Ultra,2560x1440,16,59.7
Elden Ring,AMD Ryzen 7 5800X,RX 6800,16,Ultra,2560x1440,16,59.7
Elden Ring,AMD Ryzen 7 5800X,RTX 2080,8,Ultra,2560x1440,16,59.8
Elden Ring,AMD Ryzen 7 5800X,RTX 2080 Ti,11,Ultra,2560x1440,16,59.8
Elden Ring,AMD Ryzen 7 5800X,RX 6800 XT,16,Ultra,2560x1440,16,59.8
Elden Ring,AMD Ryzen 7 5800X,GTX 1080 Ti,11,Ultra,2560x1440,16,59.9
Elden Ring,AMD Ryzen 7 5800X,RTX 3070 Ti,8,Ultra,2560x1440,16,59.9
Elden Ring,AMD Ryzen 7 5800X,RTX 3080,10,Ultra,2560x1440,16,59.9
Elden Ring,AMD Ryzen 7 5800X,RX 6900 XT,16,Ultra,2560x1440,16,59.9
Elden Ring,AMD Ryzen 7 5800X,RTX 3090,24,Ultra,2560x1440,16,60.0
Elden Ring,AMD Ryzen 7 5800X,RX 6500 XT,4,Ultra,3840x2160,16,17.2
Elden Ring,AMD Ryzen 7 5800X,RX 5500 XT,4,Ultra,3840x2160,16,20.2
Elden Ring,AMD Ryzen 7 5800X,RX 580,8,Ultra,3840x2160,16,20.8
Elden Ring,AMD Ryzen 7 5800X,RTX 3050,8,Ultra,3840x2160,16,26.0
Elden Ring,AMD Ryzen 7 5800X,GTX 1660 Ti,6,Ultra,3840x2160,16,26.5
Elden Ring,AMD Ryzen 7 5800X,GTX 1070,8,Ultra,3840x2160,16,27.9
Elden Ring,AMD Ryzen 7 5800X,RX 5600 XT,6,Ultra,3840x2160,16,29.9
Elden Ring,AMD Ryzen 7 5800X,RTX 2060,6,Ultra,3840x2160,16,31.4
Elden Ring,AMD Ryzen 7 5800X,RX Vega 64,8,Ultra,3840x2160,16,32.0
Elden Ring,AMD Ryzen 7 5800X,RX 6600,8,Ultra,3840x2160,16,32.4
Elden Ring,AMD Ryzen 7 5800X,RX 5700 XT,8,Ultra,3840x2160,16,34.3
Elden Ring,AMD Ryzen 7 5800X,RTX 3060,12,Ultra,3840x2160,16,36.2
Elden Ring,AMD Ryzen 7 5800X,RTX 2070,8,Ultra,3840x2160,16,38.2
Elden Ring,AMD Ryzen 7 5800X,RX 6600 XT,8,Ultra,3840x2160,16,39.1
Elden Ring,AMD Ryzen 7 5800X,GTX 1080 Ti,11,Ultra,3840x2160,16,44.8
Elden Ring,AMD Ryzen 7 5800X,RTX 2080,8,Ultra,3840x2160,16,45.4
Elden Ring,AMD Ryzen 7 5800X,RTX 3060 Ti,8,Ultra,3840x2160,16,47.9
Elden Ring,AMD Ryzen 7 5800X,RX 6700 XT,12,Ultra,3840x2160,16,51.0
Elden Ring,AMD Ryzen 7 5800X,RTX 3070,8,Ultra,3840x2160,16,55.4
Elden Ring,AMD Ryzen 7 5800X,RTX 2080 Ti,11,Ultra,3840x2160,16,56.1
Elden Ring,AMD Ryzen 7 5800X,RTX 3070 Ti,8,Ultra,3840x2160,16,58.2
Elden Ring,AMD Ryzen 7 5800X,RX 6800,16,Ultra,3840x2160,16,58.8
Elden Ring,AMD Ryzen 7 5800X,RX 6800 XT,16,Ultra,3840x2160,16,59.5
Elden Ring,AMD Ryzen 7 5800X,RX 6900 XT,16,Ultra,3840x2160,16,59.5
Elden Ring,AMD Ryzen 7 5800X,RTX 3080,10,Ultra,3840x2160,16,59.9
Elden Ring,AMD Ryzen 7 5800X,RTX 3090,24,Ultra,3840x2160,16,59.9
Watch Dogs 2,Intel Core i7-6700K,RX 460,4,Ultra,1920x1080,16,20.9
Watch Dogs 2,Intel Core i7-6700K,GTX 970,4,Ultra,1920x1080,16,42.5
Watch Dogs 2,Intel Core i7-6700K,RX 480,8,Ultra,1920x1080,16,44.6
Watch Dogs 2,Intel Core i7-6700K,GTX 1060,6,Ultra,1920x1080,16,51.2
Watch Dogs 2,Intel Core i7-6700K,GTX 980 Ti,6,Ultra,1920x1080,16,61.3
Watch Dogs 2,Intel Core i7-6700K,GTX 1070,8,Ultra,1920x1080,16,68.3
Watch Dogs 2,Intel Core i7-6700K,GTX 1080,8,Ultra,1920x1080,16,83.3
Watch Dogs 2,Intel Core i7-6700K,RX 460,4,Ultra,2560x1440,16,13.9
Watch Dogs 2,Intel Core i7-6700K,GTX 970,4,Ultra,2560x1440,16,29.3
Watch Dogs 2,Intel Core i7-6700K,RX 480,8,Ultra,2560x1440,16,30.9
Watch Dogs 2,Intel Core i7-6700K,GTX 1060,6,Ultra,2560x1440,16,33.9
Watch Dogs 2,Intel Core i7-6700K,GTX 980 Ti,6,Ultra,2560x1440,16,42.4
Watch Dogs 2,Intel Core i7-6700K,GTX 1070,8,Ultra,2560x1440,16,46.2
Watch Dogs 2,Intel Core i7-6700K,GTX 1080,8,Ultra,2560x1440,16,56.8
Watch Dogs Legion,Intel Core i9-9900K,RX 5500 XT,4,Ultra,1920x1080,16,11.7
Watch Dogs Legion,Intel Core i9-9900K,RX 570,4,Ultra,1920x1080,16,14.8
Watch Dogs Legion,Intel Core i9-9900K,GTX 1060,3,Ultra,1920x1080,16,22.3
Watch Dogs Legion,Intel Core i9-9900K,GTX 1650 Super,4,Ultra,1920x1080,16,24.0
Watch Dogs Legion,Intel Core i9-9900K,GTX 1060,6,Ultra,1920x1080,16,30.1
Watch Dogs Legion,Intel Core i9-9900K,RX 580,8,Ultra,1920x1080,16,31.6
Watch Dogs Legion,Intel Core i9-9900K,GTX 1660,6,Ultra,1920x1080,16,32.2
Watch Dogs Legion,Intel Core i9-9900K,RX 590,8,Ultra,1920x1080,16,34.5
Watch Dogs Legion,Intel Core i9-9900K,GTX 1660 Super,6,Ultra,1920x1080,16,36.6
Watch Dogs Legion,Intel Core i9-9900K,GTX 1660 Ti,6,Ultra,1920x1080,16,37.2
Watch Dogs Legion,Intel Core i9-9900K,GTX 1070,8,Ultra,1920x1080,16,40.2
Watch Dogs Legion,Intel Core i9-9900K,GTX 1070 Ti,8,Ultra,1920x1080,16,45.7
Watch Dogs Legion,Intel Core i9-9900K,RX 5600 XT,6,Ultra,1920x1080,16,47.3
Watch Dogs Legion,Intel Core i9-9900K,RTX 2060,6,Ultra,1920x1080,16,47.7
Watch Dogs Legion,Intel Core i9-9900K,GTX 1080,8,Ultra,1920x1080,16,48.0
Watch Dogs Legion,Intel Core i9-9900K,RX Vega 56,8,Ultra,1920x1080,16,48.1
Watch Dogs Legion,Intel Core i9-9900K,RX Vega 64,8,Ultra,1920x1080,16,52.1
Watch Dogs Legion,Intel Core i9-9900K,RX 5700,8,Ultra,1920x1080,16,53.3
Watch Dogs Legion,Intel Core i9-9900K,RTX 2060 Super,8,Ultra,1920x1080,16,54.9
Watch Dogs Legion,Intel Core i9-9900K,RTX 2070,8,Ultra,1920x1080,16,56.2
Watch Dogs Legion,Intel Core i9-9900K,GTX 1080 Ti,11,Ultra,1920x1080,16,58.4
Watch Dogs Legion,Intel Core i9-9900K,Radeon VII,16,Ultra,1920x1080,16,59.9
Watch Dogs Legion,Intel Core i9-9900K,RTX 2070 Super,8,Ultra,1920x1080,16,61.6
Watch Dogs Legion,Intel Core i9-9900K,RX 5700 XT,8,Ultra,1920x1080,16,61.8
Watch Dogs Legion,Intel Core i9-9900K,RTX 2080,8,Ultra,1920x1080,16,65.3
Watch Dogs Legion,Intel Core i9-9900K,RTX 2080 Super,8,Ultra,1920x1080,16,67.5
Watch Dogs Legion,Intel Core i9-9900K,RTX 2080 Ti,11,Ultra,1920x1080,16,75.8
Watch Dogs Legion,Intel Core i9-9900K,RTX 3070,8,Ultra,1920x1080,16,77.0
Watch Dogs Legion,Intel Core i9-9900K,RTX 3080,10,Ultra,1920x1080,16,87.6
Watch Dogs Legion,Intel Core i9-9900K,RTX 3090,24,Ultra,1920x1080,16,89.2
Watch Dogs Legion,Intel Core i9-9900K,RX 5500 XT,4,Ultra,2560x1440,16,6.5
Watch Dogs Legion,Intel Core i9-9900K,RX 570,4,Ultra,2560x1440,16,8.8
Watch Dogs Legion,Intel Core i9-9900K,GTX 1650 Super,4,Ultra,2560x1440,16,15.5
Watch Dogs Legion,Intel Core i9-9900K,GTX 1060,3,Ultra,2560x1440,16,15.9
Watch Dogs Legion,Intel Core i9-9900K,RX 5600 XT,6,Ultra,2560x1440,16,17.1
Watch Dogs Legion,Intel Core i9-9900K,GTX 1060,6,Ultra,2560x1440,16,21.3
Watch Dogs Legion,Intel Core i9-9900K,RX 580,8,Ultra,2560x1440,16,21.9
Watch Dogs Legion,Intel Core i9-9900K,GTX 1660,6,Ultra,2560x1440,16,22.8
Watch Dogs Legion,Intel Core i9-9900K,RX 590,8,Ultra,2560x1440,16,23.8
Watch Dogs Legion,Intel Core i9-9900K,GTX 1660 Super,6,Ultra,2560x1440,16,26.3
Watch Dogs Legion,Intel Core i9-9900K,GTX 1660 Ti,6,Ultra,2560x1440,16,26.5
Watch Dogs Legion,Intel Core i9-9900K,GTX 1070,8,Ultra,2560x1440,16,29.1
Watch Dogs Legion,Intel Core i9-9900K,GTX 1070 Ti,8,Ultra,2560x1440,16,33.7
Watch Dogs Legion,Intel Core i9-9900K,RX Vega 56,8,Ultra,2560x1440,16,33.9
Watch Dogs Legion,Intel Core i9-9900K,RTX 2060,6,Ultra,2560x1440,16,34.8
Watch Dogs Legion,Intel Core i9-9900K,GTX 1080,8,Ultra,2560x1440,16,35.3
Watch Dogs Legion,Intel Core i9-9900K,RX Vega 64,8,Ultra,2560x1440,16,38.4
Watch Dogs Legion,Intel Core i9-9900K,RX 5700,8,Ultra,2560x1440,16,38.6
Watch Dogs Legion,Intel Core i9-9900K,RTX 2060 Super,8,Ultra,2560x1440,16,41.4
Watch Dogs Legion,Intel Core i9-9900K,RTX 2070,8,Ultra,2560x1440,16,42.8
Watch Dogs Legion,Intel Core i9-9900K,RX 5700 XT,8,Ultra,2560x1440,16,44.0
Watch Dogs Legion,Intel Core i9-9900K,GTX 1080 Ti,11,Ultra,2560x1440,16,44.6
Watch Dogs Legion,Intel Core i9-9900K,Radeon VII,16,Ultra,2560x1440,16,45.8
Watch Dogs Legion,Intel Core i9-9900K,RTX 2070 Super,8,Ultra,2560x1440,16,47.0
Watch Dogs Legion,Intel Core i9-9900K,RTX 2080,8,Ultra,2560x1440,16,50.6
Watch Dogs Legion,Intel Core i9-9900K,RTX 2080 Super,8,Ultra,2560x1440,16,52.2
Watch Dogs Legion,Intel Core i9-9900K,RTX 2080 Ti,11,Ultra,2560x1440,16,60.3
Watch Dogs Legion,Intel Core i9-9900K,RTX 3070,8,Ultra,2560x1440,16,61.6
Watch Dogs Legion,Intel Core i9-9900K,RTX 3080,10,Ultra,2560x1440,16,73.3
Watch Dogs Legion,Intel Core i9-9900K,RTX 3090,24,Ultra,2560x1440,16,79.7
Watch Dogs Legion,Intel Core i9-9900K,RX 5500 XT,4,Ultra,3840x2160,16,2.4
Watch Dogs Legion,Intel Core i9-9900K,RX 570,4,Ultra,3840x2160,16,3.8
Watch Dogs Legion,Intel Core i9-9900K,RX 5600 XT,6,Ultra,3840x2160,16,6.8
Watch Dogs Legion,Intel Core i9-9900K,GTX 1650 Super,4,Ultra,3840x2160,16,8.4
Watch Dogs Legion,Intel Core i9-9900K,GTX 1060,3,Ultra,3840x2160,16,8.8
Watch Dogs Legion,Intel Core i9-9900K,GTX 1060,6,Ultra,3840x2160,16,11.6
Watch Dogs Legion,Intel Core i9-9900K,GTX 1660,6,Ultra,3840x2160,16,12.3
Watch Dogs Legion,Intel Core i9-9900K,RX 580,8,Ultra,3840x2160,16,12.5
Watch Dogs Legion,Intel Core i9-9900K,RX 590,8,Ultra,3840x2160,16,13.2
Watch Dogs Legion,Intel Core i9-9900K,GTX 1660 Ti,6,Ultra,3840x2160,16,13.8
Watch Dogs Legion,Intel Core i9-9900K,GTX 1660 Super,6,Ultra,3840x2160,16,14.9
Watch Dogs Legion,Intel Core i9-9900K,GTX 1070,8,Ultra,3840x2160,16,16.5
Watch Dogs Legion,Intel Core i9-9900K,RTX 2060,6,Ultra,3840x2160,16,17.6
Watch Dogs Legion,Intel Core i9-9900K,GTX 1070 Ti,8,Ultra,3840x2160,16,19.4
Watch Dogs Legion,Intel Core i9-9900K,RX Vega 56,8,Ultra,3840x2160,16,19.6
Watch Dogs Legion,Intel Core i9-9900K,GTX 1080,8,Ultra,3840x2160,16,19.9
Watch Dogs Legion,Intel Core i9-9900K,RX 5700,8,Ultra,3840x2160,16,22.1
Watch Dogs Legion,Intel Core i9-9900K,RX Vega 64,8,Ultra,3840x2160,16,22.2
Watch Dogs Legion,Intel Core i9-9900K,RTX 2060 Super,8,Ultra,3840x2160,16,24.5
Watch Dogs Legion,Intel Core i9-9900K,RX 5700 XT,8,Ultra,3840x2160,16,24.7
Watch Dogs Legion,Intel Core i9-9900K,RTX 2070,8,Ultra,3840x2160,16,25.6
Watch Dogs Legion,Intel Core i9-9900K,GTX 1080 Ti,11,Ultra,3840x2160,16,26.5
Watch Dogs Legion,Intel Core i9-9900K,Radeon VII,16,Ultra,3840x2160,16,27.4
Watch Dogs Legion,Intel Core i9-9900K,RTX 2070 Super,8,Ultra,3840x2160,16,28.4
Watch Dogs Legion,Intel Core i9-9900K,RTX 2080,8,Ultra,3840x2160,16,30.9
Watch Dogs Legion,Intel Core i9-9900K,RTX 2080 Super,8,Ultra,3840x2160,16,32.2
Watch Dogs Legion,Intel Core i9-9900K,RTX 2080 Ti,11,Ultra,3840x2160,16,37.9
Watch Dogs Legion,Intel Core i9-9900K,RTX 3070,8,Ultra,3840x2160,16,39.2
Watch Dogs Legion,Intel Core i9-9900K,RTX 3080,10,Ultra,3840x2160,16,49.6
Watch Dogs Legion,Intel Core i9-9900K,RTX 3090,24,Ultra,3840x2160,16,54.7
Senua's Saga: Hellblade II,Intel Core i9-14900K,RTX 4080 Super,16,Ultra,1920x1080,32,101.1
Senua's Saga: Hellblade II,Intel Core i9-14900K,RTX 4080,16,Ultra,1920x1080,32,101.1
Senua's Saga: Hellblade II,Intel Core i9-14900K,RX 7900 XTX,24,Ultra,1920x1080,32,99.9
Senua's Saga: Hellblade II,Intel Core i9-14900K,RTX 4070 Ti Super,16,Ultra,1920x1080,32,89.2
Senua's Saga: Hellblade II,Intel Core i9-14900K,RX 7900 XT,20,Ultra,1920x1080,32,87.7
Senua's Saga: Hellblade II,Intel Core i9-14900K,RTX 4070 Ti,12,Ultra,1920x1080,32,87.1
Senua's Saga: Hellblade II,Intel Core i9-14900K,RTX 3090 Ti,24,Ultra,1920x1080,32,85.0
Senua's Saga: Hellblade II,Intel Core i9-14900K,RTX 4070 Super,12,Ultra,1920x1080,32,80.1
Senua's Saga: Hellblade II,Intel Core i9-14900K,RX 7900 GRE,16,Ultra,1920x1080,32,78.2
Senua's Saga: Hellblade II,Intel Core i9-14900K,RTX 3090,24,Ultra,1920x1080,32,78.0
Senua's Saga: Hellblade II,Intel Core i9-14900K,RX 6900 XT,16,Ultra,1920x1080,32,73.6
Senua's Saga: Hellblade II,Intel Core i9-14900K,RTX 3080,10,Ultra,1920x1080,32,71.1
Senua's Saga: Hellblade II,Intel Core i9-14900K,RX 7800 XT,16,Ultra,1920x1080,32,70.7
Senua's Saga: Hellblade II,Intel Core i9-14900K,RTX 4070,12,Ultra,1920x1080,32,70.0
Senua's Saga: Hellblade II,Intel Core i9-14900K,RX 6800 XT,16,Ultra,1920x1080,32,68.8
Senua's Saga: Hellblade II,Intel Core i9-14900K,RX 7700 XT,12,Ultra,1920x1080,32,62.2
Senua's Saga: Hellblade II,Intel Core i9-14900K,RTX 3070 Ti,8,Ultra,1920x1080,32,58.5
Senua's Saga: Hellblade II,Intel Core i9-14900K,RX 6800,16,Ultra,1920x1080,32,58.3
Senua's Saga: Hellblade II,Intel Core i9-14900K,RTX 4060 Ti,8,Ultra,1920x1080,32,56.0
Senua's Saga: Hellblade II,Intel Core i9-14900K,RTX 4060 Ti,16,Ultra,1920x1080,32,55.7
Senua's Saga: Hellblade II,Intel Core i9-14900K,RTX 3070,8,Ultra,1920x1080,32,55.6
Senua's Saga: Hellblade II,Intel Core i9-14900K,RTX 2080 Ti,11,Ultra,1920x1080,32,52.2
Senua's Saga: Hellblade II,Intel Core i9-14900K,RX 6700 XT,12,Ultra,1920x1080,32,49.5
Senua's Saga: Hellblade II,Intel Core i9-14900K,RTX 3060 Ti,8,Ultra,1920x1080,32,48.5
Senua's Saga: Hellblade II,Intel Core i9-14900K,RX 7600 XT,16,Ultra,1920x1080,32,44.2
Senua's Saga: Hellblade II,Intel Core i9-14900K,RTX 4060,8,Ultra,1920x1080,32,43.1
Senua's Saga: Hellblade II,Intel Core i9-14900K,RX 7600,8,Ultra,1920x1080,32,41.9
Senua's Saga: Hellblade II,Intel Core i9-14900K,RTX 3060,12,Ultra,1920x1080,32,37.9
Senua's Saga: Hellblade II,Intel Core i9-14900K,RX 6600 XT,8,Ultra,1920x1080,32,37.2
Senua's Saga: Hellblade II,Intel Core i9-14900K,RX 5700 XT,8,Ultra,1920x1080,32,36.8
Senua's Saga: Hellblade II,Intel Core i9-14900K,Arc A770,16,Ultra,1920x1080,32,35.7
Senua's Saga: Hellblade II,Intel Core i9-14900K,Arc A750,8,Ultra,1920x1080,32,33.0
Senua's Saga: Hellblade II,Intel Core i9-14900K,RX 6600,8,Ultra,1920x1080,32,31.9
Senua's Saga: Hellblade II,Intel Core i9-14900K,RTX 3050,8,Ultra,1920x1080,32,27.0
Senua's Saga: Hellblade II,Intel Core i9-14900K,RTX 4090,24,Ultra,2560x1440,32,92.8
Senua's Saga: Hellblade II,Intel Core i9-14900K,RTX 4080 Super,16,Ultra,2560x1440,32,75.8
Senua's Saga: Hellblade II,Intel Core i9-14900K,RTX 4080,16,Ultra,2560x1440,32,74.8
Senua's Saga: Hellblade II,Intel Core i9-14900K,RX 7900 XTX,24,Ultra,2560x1440,32,74.1
Senua's Saga: Hellblade II,Intel Core i9-14900K,RTX 4070 Ti Super,16,Ultra,2560x1440,32,65.6
Senua's Saga: Hellblade II,Intel Core i9-14900K,RX 7900 XT,20,Ultra,2560x1440,32,64.3
Senua's Saga: Hellblade II,Intel Core i9-14900K,RTX 4070 Ti,12,Ultra,2560x1440,32,63.6
Senua's Saga: Hellblade II,Intel Core i9-14900K,RTX 3090 Ti,24,Ultra,2560x1440,32,62.8
Senua's Saga: Hellblade II,Intel Core i9-14900K,RTX 4070 Super,12,Ultra,2560x1440,32,57.0
Senua's Saga: Hellblade II,Intel Core i9-14900K,RX 7900 GRE,16,Ultra,2560x1440,32,56.1
Senua's Saga: Hellblade II,Intel Core i9-14900K,RTX 3090,24,Ultra,2560x1440,32,55.9
Senua's Saga: Hellblade II,Intel Core i9-14900K,RX 6900 XT,16,Ultra,2560x1440,32,52.4
Senua's Saga: Hellblade II,Intel Core i9-14900K,RX 7800 XT,16,Ultra,2560x1440,32,51.5
Senua's Saga: Hellblade II,Intel Core i9-14900K,RTX 3080,10,Ultra,2560x1440,32,50.7
Senua's Saga: Hellblade II,Intel Core i9-14900K,RTX 4070,12,Ultra,2560x1440,32,49.4
Senua's Saga: Hellblade II,Intel Core i9-14900K,RX 6800 XT,16,Ultra,2560x1440,32,48.8
Senua's Saga: Hellblade II,Intel Core i9-14900K,RX 7700 XT,12,Ultra,2560x1440,32,44.5
Senua's Saga: Hellblade II,Intel Core i9-14900K,RX 6800,16,Ultra,2560x1440,32,41.9
Senua's Saga: Hellblade II,Intel Core i9-14900K,RTX 3070 Ti,8,Ultra,2560x1440,32,40.9
Senua's Saga: Hellblade II,Intel Core i9-14900K,RTX 4060 Ti,8,Ultra,2560x1440,32,38.8
Senua's Saga: Hellblade II,Intel Core i9-14900K,RTX 4060 Ti,16,Ultra,2560x1440,32,38.5
Senua's Saga: Hellblade II,Intel Core i9-14900K,RTX 3070,8,Ultra,2560x1440,32,38.5
Senua's Saga: Hellblade II,Intel Core i9-14900K,RTX 2080 Ti,11,Ultra,2560x1440,32,35.6
Senua's Saga: Hellblade II,Intel Core i9-14900K,RX 6700 XT,12,Ultra,2560x1440,32,34.4
Senua's Saga: Hellblade II,Intel Core i9-14900K,RTX 3060 Ti,8,Ultra,2560x1440,32,33.1
Senua's Saga: Hellblade II,Intel Core i9-14900K,RX 7600 XT,16,Ultra,2560x1440,32,30.1
Senua's Saga: Hellblade II,Intel Core i9-14900K,RTX 4060,8,Ultra,2560x1440,32,28.7
Senua's Saga: Hellblade II,Intel Core i9-14900K,Arc A770,16,Ultra,2560x1440,32,26.8
Senua's Saga: Hellblade II,Intel Core i9-14900K,RX 7600,8,Ultra,2560x1440,32,26.5
Senua's Saga: Hellblade II,Intel Core i9-14900K,RTX 3060,12,Ultra,2560x1440,32,25.2
Senua's Saga: Hellblade II,Intel Core i9-14900K,Arc A750,8,Ultra,2560x1440,32,24.4
Senua's Saga: Hellblade II,Intel Core i9-14900K,RX 6600 XT,8,Ultra,2560x1440,32,23.5
Senua's Saga: Hellblade II,Intel Core i9-14900K,RX 5700 XT,8,Ultra,2560x1440,32,23.4
Senua's Saga: Hellblade II,Intel Core i9-14900K,RX 6600,8,Ultra,2560x1440,32,20.1
Senua's Saga: Hellblade II,Intel Core i9-14900K,RTX 3050,8,Ultra,2560x1440,32,16.1
Senua's Saga: Hellblade II,Intel Core i9-14900K,RTX 4090,24,Ultra,3840x2160,32,57.1
Senua's Saga: Hellblade II,Intel Core i9-14900K,RX 7900 XTX,24,Ultra,3840x2160,32,43.9
Senua's Saga: Hellblade II,Intel Core i9-14900K,RTX 4080 Super,16,Ultra,3840x2160,32,43.9
Senua's Saga: Hellblade II,Intel Core i9-14900K,RTX 4080,16,Ultra,3840x2160,32,43.3
Senua's Saga: Hellblade II,Intel Core i9-14900K,RTX 4070 Ti Super,16,Ultra,3840x2160,32,37.4
Senua's Saga: Hellblade II,Intel Core i9-14900K,RTX 3090 Ti,24,Ultra,3840x2160,32,37.1
Senua's Saga: Hellblade II,Intel Core i9-14900K,RX 7900 XT,20,Ultra,3840x2160,32,36.7
Senua's Saga: Hellblade II,Intel Core i9-14900K,RTX 4070 Ti,12,Ultra,3840x2160,32,35.0
Senua's Saga: Hellblade II,Intel Core i9-14900K,RTX 3090,24,Ultra,3840x2160,32,32.4
Senua's Saga: Hellblade II,Intel Core i9-14900K,RX 7900 GRE,16,Ultra,3840x2160,32,31.8
Senua's Saga: Hellblade II,Intel Core i9-14900K,RTX 4070 Super,12,Ultra,3840x2160,32,31.3
Senua's Saga: Hellblade II,Intel Core i9-14900K,RX 7800 XT,16,Ultra,3840x2160,32,29.1
Senua's Saga: Hellblade II,Intel Core i9-14900K,RX 6900 XT,16,Ultra,3840x2160,32,29.1
Senua's Saga: Hellblade II,Intel Core i9-14900K,RTX 3080,10,Ultra,3840x2160,32,28.7
Senua's Saga: Hellblade II,Intel Core i9-14900K,RX 6800 XT,16,Ultra,3840x2160,32,27.0
Senua's Saga: Hellblade II,Intel Core i9-14900K,RTX 4070,12,Ultra,3840x2160,32,27.0
Senua's Saga: Hellblade II,Intel Core i9-14900K,RX 7700 XT,12,Ultra,3840x2160,32,24.8
Senua's Saga: Hellblade II,Intel Core i9-14900K,RX 6800,16,Ultra,3840x2160,32,23.6
Senua's Saga: Hellblade II,Intel Core i9-14900K,RTX 4060 Ti,16,Ultra,3840x2160,32,20.4
Senua's Saga: Hellblade II,Intel Core i9-14900K,RTX 2080 Ti,11,Ultra,3840x2160,32,19.4
Senua's Saga: Hellblade II,Intel Core i9-14900K,RX 6700 XT,12,Ultra,3840x2160,32,18.5
Senua's Saga: Hellblade II,Intel Core i9-14900K,RTX 3070 Ti,8,Ultra,3840x2160,32,17.4
Senua's Saga: Hellblade II,Intel Core i9-14900K,RX 7600 XT,16,Ultra,3840x2160,32,16.0
Senua's Saga: Hellblade II,Intel Core i9-14900K,Arc A770,16,Ultra,3840x2160,32,15.2
Senua's Saga: Hellblade II,Intel Core i9-14900K,RTX 3070,8,Ultra,3840x2160,32,14.2
Senua's Saga: Hellblade II,Intel Core i9-14900K,RTX 4060 Ti,8,Ultra,3840x2160,32,13.5
Senua's Saga: Hellblade II,Intel Core i9-14900K,RTX 3060,12,Ultra,3840x2160,32,13.4
Senua's Saga: Hellblade II,Intel Core i9-14900K,Arc A750,8,Ultra,3840x2160,32,12.1
Senua's Saga: Hellblade II,Intel Core i9-14900K,RTX 3060 Ti,8,Ultra,3840x2160,32,11.8
Senua's Saga: Hellblade II,Intel Core i9-14900K,RTX 4060,8,Ultra,3840x2160,32,11.4
Senua's Saga: Hellblade II,Intel Core i9-14900K,RX 5700 XT,8,Ultra,3840x2160,32,10.4
Senua's Saga: Hellblade II,Intel Core i9-14900K,RX 7600,8,Ultra,3840x2160,32,9.3
Senua's Saga: Hellblade II,Intel Core i9-14900K,RX 6600 XT,8,Ultra,3840x2160,32,8.5
Senua's Saga: Hellblade II,Intel Core i9-14900K,RX 6600,8,Ultra,3840x2160,32,7.4
Senua's Saga: Hellblade II,Intel Core i9-14900K,RTX 3050,8,Ultra,3840x2160,32,7.3
Call of Duty: Black Ops 6,Intel Core i9-14900K,RTX 4090,24,Ultra,1920x1080,32,236
Call of Duty: Black Ops 6,Intel Core i9-14900K,RX 7900 XTX,24,Ultra,1920x1080,32,213
Call of Duty: Black Ops 6,Intel Core i9-14900K,RX 7900 XT,20,Ultra,1920x1080,32,192
Call of Duty: Black Ops 6,Intel Core i9-14900K,RTX 4080 Super,16,Ultra,1920x1080,32,191
Call of Duty: Black Ops 6,Intel Core i9-14900K,RTX 4080,16,Ultra,1920x1080,32,185
Call of Duty: Black Ops 6,Intel Core i9-14900K,RX 7900 GRE,16,Ultra,1920x1080,32,176
Call of Duty: Black Ops 6,Intel Core i9-14900K,RTX 4070 Ti Super,16,Ultra,1920x1080,32,168
Call of Duty: Black Ops 6,Intel Core i9-14900K,RX 6900 XT,16,Ultra,1920x1080,32,164
Call of Duty: Black Ops 6,Intel Core i9-14900K,RTX 4070 Ti,12,Ultra,1920x1080,32,161
Call of Duty: Black Ops 6,Intel Core i9-14900K,RX 7800 XT,16,Ultra,1920x1080,32,159
Call of Duty: Black Ops 6,Intel Core i9-14900K,RX 6800 XT,16,Ultra,1920x1080,32,151
Call of Duty: Black Ops 6,Intel Core i9-14900K,RTX 4070 Super,12,Ultra,1920x1080,32,149
Call of Duty: Black Ops 6,Intel Core i9-14900K,RTX 3090 Ti,24,Ultra,1920x1080,32,142
Call of Duty: Black Ops 6,Intel Core i9-14900K,RX 7700 XT,12,Ultra,1920x1080,32,137
Call of Duty: Black Ops 6,Intel Core i9-14900K,RTX 3090,24,Ultra,1920x1080,32,133
Call of Duty: Black Ops 6,Intel Core i9-14900K,RTX 4070,12,Ultra,1920x1080,32,130
Call of Duty: Black Ops 6,Intel Core i9-14900K,RX 6800,16,Ultra,1920x1080,32,129
Call of Duty: Black Ops 6,Intel Core i9-14900K,RTX 3080,10,Ultra,1920x1080,32,120
Call of Duty: Black Ops 6,Intel Core i9-14900K,RX 6700 XT,12,Ultra,1920x1080,32,107
Call of Duty: Black Ops 6,Intel Core i9-14900K,RTX 4060 Ti,16,Ultra,1920x1080,32,101
Call of Duty: Black Ops 6,Intel Core i9-14900K,RTX 4060 Ti,8,Ultra,1920x1080,32,101
Call of Duty: Black Ops 6,Intel Core i9-14900K,RTX 3070 Ti,8,Ultra,1920x1080,32,100
Call of Duty: Black Ops 6,Intel Core i9-14900K,RX 7600 XT,16,Ultra,1920x1080,32,97
Call of Duty: Black Ops 6,Intel Core i9-14900K,RTX 3070,8,Ultra,1920x1080,32,94
Call of Duty: Black Ops 6,Intel Core i9-14900K,RX 7600,8,Ultra,1920x1080,32,92
Call of Duty: Black Ops 6,Intel Core i9-14900K,RTX 3060 Ti,8,Ultra,1920x1080,32,83
Call of Duty: Black Ops 6,Intel Core i9-14900K,RX 6600 XT,8,Ultra,1920x1080,32,80
Call of Duty: Black Ops 6,Intel Core i9-14900K,RTX 4060,8,Ultra,1920x1080,32,77
Call of Duty: Black Ops 6,Intel Core i9-14900K,RTX 2080 Ti,11,Ultra,1920x1080,32,74
Call of Duty: Black Ops 6,Intel Core i9-14900K,RX 5700 XT,8,Ultra,1920x1080,32,73
Call of Duty: Black Ops 6,Intel Core i9-14900K,RX 6600,8,Ultra,1920x1080,32,65
Call of Duty: Black Ops 6,Intel Core i9-14900K,RTX 3060,12,Ultra,1920x1080,32,62
Call of Duty: Black Ops 6,Intel Core i9-14900K,Arc A770,16,Ultra,1920x1080,32,59
Call of Duty: Black Ops 6,Intel Core i9-14900K,Arc A750,8,Ultra,1920x1080,32,55
Call of Duty: Black Ops 6,Intel Core i9-14900K,RTX 3050,8,Ultra,1920x1080,32,44
Call of Duty: Black Ops 6,Intel Core i9-14900K,RTX 4090,24,Ultra,2560x1440,32,175
Call of Duty: Black Ops 6,Intel Core i9-14900K,RX 7900 XTX,24,Ultra,2560x1440,32,155
Call of Duty: Black Ops 6,Intel Core i9-14900K,RX 7900 XT,20,Ultra,2560x1440,32,134
Call of Duty: Black Ops 6,Intel Core i9-14900K,RTX 4080 Super,16,Ultra,2560x1440,32,133
Call of Duty: Black Ops 6,Intel Core i9-14900K,RTX 4080,16,Ultra,2560x1440,32,131
Call of Duty: Black Ops 6,Intel Core i9-14900K,RX 7900 GRE,16,Ultra,2560x1440,32,123
Call of Duty: Black Ops 6,Intel Core i9-14900K,RTX 4070 Ti Super,16,Ultra,2560x1440,32,115
Call of Duty: Black Ops 6,Intel Core i9-14900K,RX 6900 XT,16,Ultra,2560x1440,32,113
Call of Duty: Black Ops 6,Intel Core i9-14900K,RX 7800 XT,16,Ultra,2560x1440,32,110
Call of Duty: Black Ops 6,Intel Core i9-14900K,RTX 4070 Ti,12,Ultra,2560x1440,32,108
Call of Duty: Black Ops 6,Intel Core i9-14900K,RX 6800 XT,16,Ultra,2560x1440,32,103
Call of Duty: Black Ops 6,Intel Core i9-14900K,RTX 3090 Ti,24,Ultra,2560x1440,32,101
Call of Duty: Black Ops 6,Intel Core i9-14900K,RTX 4070 Super,12,Ultra,2560x1440,32,100
Call of Duty: Black Ops 6,Intel Core i9-14900K,RX 7700 XT,12,Ultra,2560x1440,32,95
Call of Duty: Black Ops 6,Intel Core i9-14900K,RTX 3090,24,Ultra,2560x1440,32,92
Call of Duty: Black Ops 6,Intel Core i9-14900K,RX 6800,16,Ultra,2560x1440,32,90
Call of Duty: Black Ops 6,Intel Core i9-14900K,RTX 4070,12,Ultra,2560x1440,32,85
Call of Duty: Black Ops 6,Intel Core i9-14900K,RTX 3080,10,Ultra,2560x1440,32,82
Call of Duty: Black Ops 6,Intel Core i9-14900K,RX 6700 XT,12,Ultra,2560x1440,32,70
Call of Duty: Black Ops 6,Intel Core i9-14900K,RTX 4060 Ti,8,Ultra,2560x1440,32,66
Call of Duty: Black Ops 6,Intel Core i9-14900K,RTX 3070 Ti,8,Ultra,2560x1440,32,66
Call of Duty: Black Ops 6,Intel Core i9-14900K,RTX 4060 Ti,16,Ultra,2560x1440,32,64
Call of Duty: Black Ops 6,Intel Core i9-14900K,RX 7600 XT,16,Ultra,2560x1440,32,62
Call of Duty: Black Ops 6,Intel Core i9-14900K,RTX 3070,8,Ultra,2560x1440,32,62
Call of Duty: Black Ops 6,Intel Core i9-14900K,RX 7600,8,Ultra,2560x1440,32,59
Call of Duty: Black Ops 6,Intel Core i9-14900K,RTX 3060 Ti,8,Ultra,2560x1440,32,53
Call of Duty: Black Ops 6,Intel Core i9-14900K,RX 6600 XT,8,Ultra,2560x1440,32,52
Call of Duty: Black Ops 6,Intel Core i9-14900K,RTX 4060,8,Ultra,2560x1440,32,49
Call of Duty: Black Ops 6,Intel Core i9-14900K,RTX 2080 Ti,11,Ultra,2560x1440,32,49
Call of Duty: Black Ops 6,Intel Core i9-14900K,RX 5700 XT,8,Ultra,2560x1440,32,48
Call of Duty: Black Ops 6,Intel Core i9-14900K,Arc A770,16,Ultra,2560x1440,32,44
Call of Duty: Black Ops 6,Intel Core i9-14900K,RX 6600,8,Ultra,2560x1440,32,42
Call of Duty: Black Ops 6,Intel Core i9-14900K,RTX 3060,12,Ultra,2560x1440,32,40
Call of Duty: Black Ops 6,Intel Core i9-14900K,Arc A750,8,Ultra,2560x1440,32,40
Call of Duty: Black Ops 6,Intel Core i9-14900K,RTX 3050,8,Ultra,2560x1440,32,28
Call of Duty: Black Ops 6,Intel Core i9-14900K,RTX 4090,24,Ultra,3840x2160,32,102
Call of Duty: Black Ops 6,Intel Core i9-14900K,RX 7900 XTX,24,Ultra,3840x2160,32,89
Call of Duty: Black Ops 6,Intel Core i9-14900K,RX 7900 XT,20,Ultra,3840x2160,32,75
Call of Duty: Black Ops 6,Intel Core i9-14900K,RTX 4080 Super,16,Ultra,3840x2160,32,74
Call of Duty: Black Ops 6,Intel Core i9-14900K,RTX 4080,16,Ultra,3840x2160,32,72
Call of Duty: Black Ops 6,Intel Core i9-14900K,RX 7900 GRE,16,Ultra,3840x2160,32,68
Call of Duty: Black Ops 6,Intel Core i9-14900K,RX 6900 XT,16,Ultra,3840x2160,32,63
Call of Duty: Black Ops 6,Intel Core i9-14900K,RTX 4070 Ti Super,16,Ultra,3840x2160,32,61
Call of Duty: Black Ops 6,Intel Core i9-14900K,RX 7800 XT,16,Ultra,3840x2160,32,60
Call of Duty: Black Ops 6,Intel Core i9-14900K,RTX 4070 Ti,12,Ultra,3840x2160,32,60
Call of Duty: Black Ops 6,Intel Core i9-14900K,RTX 3090 Ti,24,Ultra,3840x2160,32,57
Call of Duty: Black Ops 6,Intel Core i9-14900K,RX 6800 XT,16,Ultra,3840x2160,32,55
Call of Duty: Black Ops 6,Intel Core i9-14900K,RTX 4070 Super,12,Ultra,3840x2160,32,52
Call of Duty: Black Ops 6,Intel Core i9-14900K,RX 7700 XT,12,Ultra,3840x2160,32,51
Call of Duty: Black Ops 6,Intel Core i9-14900K,RTX 3090,24,Ultra,3840x2160,32,51
Call of Duty: Black Ops 6,Intel Core i9-14900K,RX 6800,16,Ultra,3840x2160,32,47
Call of Duty: Black Ops 6,Intel Core i9-14900K,RTX 4070,12,Ultra,3840x2160,32,46
Call of Duty: Black Ops 6,Intel Core i9-14900K,RTX 3080,10,Ultra,3840x2160,32,44
Call of Duty: Black Ops 6,Intel Core i9-14900K,RX 6700 XT,12,Ultra,3840x2160,32,37
Call of Duty: Black Ops 6,Intel Core i9-14900K,RTX 3070 Ti,8,Ultra,3840x2160,32,35
Call of Duty: Black Ops 6,Intel Core i9-14900K,RTX 4060 Ti,16,Ultra,3840x2160,32,34
Call of Duty: Black Ops 6,Intel Core i9-14900K,RTX 4060 Ti,8,Ultra,3840x2160,32,34
Call of Duty: Black Ops 6,Intel Core i9-14900K,RX 7600 XT,16,Ultra,3840x2160,32,32
Call of Duty: Black Ops 6,Intel Core i9-14900K,RTX 3070,8,Ultra,3840x2160,32,32
Call of Duty: Black Ops 6,Intel Core i9-14900K,RX 7600,8,Ultra,3840x2160,32,30
Call of Duty: Black Ops 6,Intel Core i9-14900K,RTX 3060 Ti,8,Ultra,3840x2160,32,28
Call of Duty: Black Ops 6,Intel Core i9-14900K,RX 6600 XT,8,Ultra,3840x2160,32,27
Call of Duty: Black Ops 6,Intel Core i9-14900K,RTX 2080 Ti,11,Ultra,3840x2160,32,27
Call of Duty: Black Ops 6,Intel Core i9-14900K,RX 5700 XT,8,Ultra,3840x2160,32,26
Call of Duty: Black Ops 6,Intel Core i9-14900K,Arc A770,16,Ultra,3840x2160,32,26
Call of Duty: Black Ops 6,Intel Core i9-14900K,RTX 4060,8,Ultra,3840x2160,32,25
Call of Duty: Black Ops 6,Intel Core i9-14900K,Arc A750,8,Ultra,3840x2160,32,24
Call of Duty: Black Ops 6,Intel Core i9-14900K,RX 6600,8,Ultra,3840x2160,32,21
Call of Duty: Black Ops 6,Intel Core i9-14900K,RTX 3060,12,Ultra,3840x2160,32,20
Call of Duty: Black Ops 6,Intel Core i9-14900K,RTX 3050,8,Ultra,3840x2160,32,14
Call of Duty Modern Warfare,Intel Core i9-9900K,GTX 1060,3,Ultra,1920x1080,16,51.1
Call of Duty Modern Warfare,Intel Core i9-9900K,GTX 1060,6,Ultra,1920x1080,16,59.1
Call of Duty Modern Warfare,Intel Core i9-9900K,RX 570,4,Ultra,1920x1080,16,61.2
Call of Duty Modern Warfare,Intel Core i9-9900K,RX 580,8,Ultra,1920x1080,16,72.2
Call of Duty Modern Warfare,Intel Core i9-9900K,GTX 1070,8,Ultra,1920x1080,16,80.7
Call of Duty Modern Warfare,Intel Core i9-9900K,RX 590,8,Ultra,1920x1080,16,81.4
Call of Duty Modern Warfare,Intel Core i9-9900K,GTX 1660,6,Ultra,1920x1080,16,86.5
Call of Duty Modern Warfare,Intel Core i9-9900K,GTX 1070 Ti,8,Ultra,1920x1080,16,95.2
Call of Duty Modern Warfare,Intel Core i9-9900K,GTX 1660 Ti,6,Ultra,1920x1080,16,95.8
Call of Duty Modern Warfare,Intel Core i9-9900K,RX Vega 56,8,Ultra,1920x1080,16,99.0
Call of Duty Modern Warfare,Intel Core i9-9900K,GTX 1080,8,Ultra,1920x1080,16,99.6
Call of Duty Modern Warfare,Intel Core i9-9900K,RX Vega 64,8,Ultra,1920x1080,16,109.9
Call of Duty Modern Warfare,Intel Core i9-9900K,RTX 2060,6,Ultra,1920x1080,16,110.8
Call of Duty Modern Warfare,Intel Core i9-9900K,RTX 2060 Super,8,Ultra,1920x1080,16,120.2
Call of Duty Modern Warfare,Intel Core i9-9900K,RX 5700,8,Ultra,1920x1080,16,121.1
Call of Duty Modern Warfare,Intel Core i9-9900K,GeForce RTX 2070,8,Ultra,1920x1080,16,124.7
Call of Duty Modern Warfare,Intel Core i9-9900K,GTX 1080 Ti,11,Ultra,1920x1080,16,126.6
Call of Duty Modern Warfare,Intel Core i9-9900K,RTX 2070 Super,8,Ultra,1920x1080,16,139.7
Call of Duty Modern Warfare,Intel Core i9-9900K,RX 5700 XT,8,Ultra,1920x1080,16,140.3
Call of Duty Modern Warfare,Intel Core i9-9900K,RTX 2080,8,Ultra,1920x1080,16,152.4
Call of Duty Modern Warfare,Intel Core i9-9900K,RTX 2080 Super,8,Ultra,1920x1080,16,157.2
Call of Duty Modern Warfare,Intel Core i9-9900K,RTX 2080 Ti,11,Ultra,1920x1080,16,178.9
Call of Duty Modern Warfare,Intel Core i9-9900K,Radeon VII,16,Ultra,1920x1080,16,125.4
Call of Duty Modern Warfare,Intel Core i9-9900K,GTX 1060,3,Ultra,2560x1440,16,32.9
Call of Duty Modern Warfare,Intel Core i9-9900K,GTX 1060,6,Ultra,2560x1440,16,40.2
Call of Duty Modern Warfare,Intel Core i9-9900K,RX 570,4,Ultra,2560x1440,16,40.8
Call of Duty Modern Warfare,Intel Core i9-9900K,RX 580,8,Ultra,2560x1440,16,50.5
Call of Duty Modern Warfare,Intel Core i9-9900K,GTX 1070,8,Ultra,2560x1440,16,55.9
Call of Duty Modern Warfare,Intel Core i9-9900K,RX 590,8,Ultra,2560x1440,16,57.2
Call of Duty Modern Warfare,Intel Core i9-9900K,GTX 1660,6,Ultra,2560x1440,16,59.3
Call of Duty Modern Warfare,Intel Core i9-9900K,GTX 1660 Ti,6,Ultra,2560x1440,16,66.3
Call of Duty Modern Warfare,Intel Core i9-9900K,GTX 1070 Ti,8,Ultra,2560x1440,16,67.2
Call of Duty Modern Warfare,Intel Core i9-9900K,GTX 1080,8,Ultra,2560x1440,16,69.7
Call of Duty Modern Warfare,Intel Core i9-9900K,RX Vega 56,8,Ultra,2560x1440,16,70.7
Call of Duty Modern Warfare,Intel Core i9-9900K,RTX 2060,6,Ultra,2560x1440,16,77.7
Call of Duty Modern Warfare,Intel Core i9-9900K,RX Vega 64,8,Ultra,2560x1440,16,79.7
Call of Duty Modern Warfare,Intel Core i9-9900K,RX 5700,8,Ultra,2560x1440,16,86.0
Call of Duty Modern Warfare,Intel Core i9-9900K,RTX 2060 Super,8,Ultra,2560x1440,16,86.5
Call of Duty Modern Warfare,Intel Core i9-9900K,GTX 1080 Ti,11,Ultra,2560x1440,16,88.8
Call of Duty Modern Warfare,Intel Core i9-9900K,RTX 2070,8,Ultra,2560x1440,16,90.2
Call of Duty Modern Warfare,Intel Core i9-9900K,Radeon VII,16,Ultra,2560x1440,16,93.2
Call of Duty Modern Warfare,Intel Core i9-9900K,RX 5700 XT,8,Ultra,2560x1440,16,99.3
Call of Duty Modern Warfare,Intel Core i9-9900K,RTX 2070 Super,8,Ultra,2560x1440,16,101.5
Call of Duty Modern Warfare,Intel Core i9-9900K,RTX 2080,8,Ultra,2560x1440,16,110.4
Call of Duty Modern Warfare,Intel Core i9-9900K,RTX 2080 Super,8,Ultra,2560x1440,16,115.2
Call of Duty Modern Warfare,Intel Core i9-9900K,RTX 2080 Ti,11,Ultra,2560x1440,16,133.8
Call of Duty WWII,Intel Core i7-7700K,RX 470,4,Ultra,1920x1080,16,53.8
Call of Duty WWII,Intel Core i7-7700K,GTX 970,4,Ultra,1920x1080,16,55.7
Call of Duty WWII,Intel Core i7-7700K,RX 570,4,Ultra,1920x1080,16,57.2
Call of Duty WWII,Intel Core i7-7700K,GTX 1060,3,Ultra,1920x1080,16,61.6
Call of Duty WWII,Intel Core i7-7700K,RX 480,8,Ultra,1920x1080,16,63.5
Call of Duty WWII,Intel Core i7-7700K,RX 580,8,Ultra,1920x1080,16,67.7
Call of Duty WWII,Intel Core i7-7700K,GTX 1060,6,Ultra,1920x1080,16,68.8
Call of Duty WWII,Intel Core i7-7700K,GTX 980 Ti,6,Ultra,1920x1080,16,86.7
Call of Duty WWII,Intel Core i7-7700K,GTX 1070,8,Ultra,1920x1080,16,94.6
Call of Duty WWII,Intel Core i7-7700K,RX Vega 56,8,Ultra,1920x1080,16,96.6
Call of Duty WWII,Intel Core i7-7700K,RX Vega 64,8,Ultra,1920x1080,16,107.0
Call of Duty WWII,Intel Core i7-7700K,GTX 1070 Ti,8,Ultra,1920x1080,16,108.2
Call of Duty WWII,Intel Core i7-7700K,GTX 1080,8,Ultra,1920x1080,16,113.6
Call of Duty WWII,Intel Core i7-7700K,GTX 1080 Ti,11,Ultra,1920x1080,16,146.3
Call of Duty WWII,Intel Core i7-7700K,RX 470,4,Ultra,2560x1440,16,38.7
Call of Duty WWII,Intel Core i7-7700K,RX 570,4,Ultra,2560x1440,16,38.9
Call of Duty WWII,Intel Core i7-7700K,GTX 970,4,Ultra,2560x1440,16,43.3
Call of Duty WWII,Intel Core i7-7700K,GTX 1060,3,Ultra,2560x1440,16,46.2
Call of Duty WWII,Intel Core i7-7700K,RX 480,8,Ultra,2560x1440,16,48.1
Call of Duty WWII,Intel Core i7-7700K,GTX 1060,6,Ultra,2560x1440,16,49.8
Call of Duty WWII,Intel Core i7-7700K,RX 580,8,Ultra,2560x1440,16,52.1
Call of Duty WWII,Intel Core i7-7700K,R9 Fury X,4,Ultra,2560x1440,16,57.8
Call of Duty WWII,Intel Core i7-7700K,GTX 980 Ti,6,Ultra,2560x1440,16,61.6
Call of Duty WWII,Intel Core i7-7700K,GTX 1070,8,Ultra,2560x1440,16,70.5
Call of Duty WWII,Intel Core i7-7700K,RX Vega 56,8,Ultra,2560x1440,16,75.0
Call of Duty WWII,Intel Core i7-7700K,GTX 1070 Ti,8,Ultra,2560x1440,16,82.2
Call of Duty WWII,Intel Core i7-7700K,RX Vega 64,8,Ultra,2560x1440,16,84.5
Call of Duty WWII,Intel Core i7-7700K,GTX 1080,8,Ultra,2560x1440,16,85.1
Call of Duty WWII,Intel Core i7-7700K,GTX 1080 Ti,11,Ultra,2560x1440,16,111.3
Grand Theft Auto V,Intel Core i7-4770K,GTX 960,2,Ultra,1920x1080,16,75.6
Grand Theft Auto V,Intel Core i7-4770K,GTX 970,4,Ultra,1920x1080,16,106.3
Grand Theft Auto V,Intel Core i7-4770K,GTX 980,4,Ultra,1920x1080,16,111.0
Grand Theft Auto V,Intel Core i7-4770K,GTX 960,2,Ultra,2560x1440,16,51.7
Grand Theft Auto V,Intel Core i7-4770K,GTX 970,4,Ultra,2560x1440,16,78.8
Grand Theft Auto V,Intel Core i7-4770K,GTX 980,4,Ultra,2560x1440,16,87.9
Baldur's Gate 3,Intel Core i9-13900K,RTX 4090,24,Ultra,1920x1080,32,217.4
Baldur's Gate 3,Intel Core i9-13900K,RTX 4080,16,Ultra,1920x1080,32,216.4
Baldur's Gate 3,Intel Core i9-13900K,RX 7900 XTX,24,Ultra,1920x1080,32,198.1
Baldur's Gate 3,Intel Core i9-13900K,RTX 4070 Ti,12,Ultra,1920x1080,32,197.2
Baldur's Gate 3,Intel Core i9-13900K,RX 7900 XT,20,Ultra,1920x1080,32,192.0
Baldur's Gate 3,Intel Core i9-13900K,RTX 3090 Ti,24,Ultra,1920x1080,32,188.7
Baldur's Gate 3,Intel Core i9-13900K,RTX 3090,24,Ultra,1920x1080,32,175.8
Baldur's Gate 3,Intel Core i9-13900K,RX 6900 XT,16,Ultra,1920x1080,32,171.2
Baldur's Gate 3,Intel Core i9-13900K,RTX 4070,12,Ultra,1920x1080,32,163.3
Baldur's Gate 3,Intel Core i9-13900K,RX 6800 XT,16,Ultra,1920x1080,32,160.1
Baldur's Gate 3,Intel Core i9-13900K,RTX 3080,10,Ultra,1920x1080,32,159.8
Baldur's Gate 3,Intel Core i9-13900K,RX 6800,16,Ultra,1920x1080,32,141.1
Baldur's Gate 3,Intel Core i9-13900K,RTX 3070 Ti,8,Ultra,1920x1080,32,132.1
Baldur's Gate 3,Intel Core i9-13900K,RTX 4060 Ti,16,Ultra,1920x1080,32,129.3
Baldur's Gate 3,Intel Core i9-13900K,RTX 4060 Ti,8,Ultra,1920x1080,32,127.9
Baldur's Gate 3,Intel Core i9-13900K,RTX 2080 Ti,11,Ultra,1920x1080,32,126.1
Baldur's Gate 3,Intel Core i9-13900K,RTX 3070,8,Ultra,1920x1080,32,125.5
Baldur's Gate 3,Intel Core i9-13900K,RX 6700 XT,12,Ultra,1920x1080,32,114.6
Baldur's Gate 3,Intel Core i9-13900K,RTX 3060 Ti,8,Ultra,1920x1080,32,108.2
Baldur's Gate 3,Intel Core i9-13900K,RX 7600,8,Ultra,1920x1080,32,97.4
Baldur's Gate 3,Intel Core i9-13900K,RTX 4060,8,Ultra,1920x1080,32,96.2
Baldur's Gate 3,Intel Core i9-13900K,RX 6600 XT,8,Ultra,1920x1080,32,95.1
Baldur's Gate 3,Intel Core i9-13900K,Arc A770,16,Ultra,1920x1080,32,91.3
Baldur's Gate 3,Intel Core i9-13900K,RTX 3060,12,Ultra,1920x1080,32,84.6
Baldur's Gate 3,Intel Core i9-13900K,RX 5700 XT,8,Ultra,1920x1080,32,84.0
Baldur's Gate 3,Intel Core i9-13900K,Arc A750,8,Ultra,1920x1080,32,83.1
Baldur's Gate 3,Intel Core i9-13900K,RX 6600,8,Ultra,1920x1080,32,77.4
Baldur's Gate 3,Intel Core i9-13900K,RTX 3050,8,Ultra,1920x1080,32,59.5
Baldur's Gate 3,Intel Core i9-13900K,RX 6500 XT,4,Ultra,1920x1080,32,46.9
Baldur's Gate 3,Intel Core i9-13900K,RTX 4090,24,Ultra,2560x1440,32,215.8
Baldur's Gate 3,Intel Core i9-13900K,RTX 4080,16,Ultra,2560x1440,32,186.0
Baldur's Gate 3,Intel Core i9-13900K,RX 7900 XTX,24,Ultra,2560x1440,32,176.3
Baldur's Gate 3,Intel Core i9-13900K,RX 7900 XT,20,Ultra,2560x1440,32,157.3
Baldur's Gate 3,Intel Core i9-13900K,RTX 4070 Ti,12,Ultra,2560x1440,32,155.8
Baldur's Gate 3,Intel Core i9-13900K,RTX 3090 Ti,24,Ultra,2560x1440,32,155.1
Baldur's Gate 3,Intel Core i9-13900K,RTX 3090,24,Ultra,2560x1440,32,136.5
Baldur's Gate 3,Intel Core i9-13900K,RX 6900 XT,16,Ultra,2560x1440,32,135.0
Baldur's Gate 3,Intel Core i9-13900K,RX 6800 XT,16,Ultra,2560x1440,32,124.1
Baldur's Gate 3,Intel Core i9-13900K,RTX 3080,10,Ultra,2560x1440,32,123.5
Baldur's Gate 3,Intel Core i9-13900K,RTX 4070,12,Ultra,2560x1440,32,121.8
Baldur's Gate 3,Intel Core i9-13900K,RX 6800,16,Ultra,2560x1440,32,106.2
Baldur's Gate 3,Intel Core i9-13900K,RTX 3070 Ti,8,Ultra,2560x1440,32,98.5
Baldur's Gate 3,Intel Core i9-13900K,RTX 2080 Ti,11,Ultra,2560x1440,32,94.1
Baldur's Gate 3,Intel Core i9-13900K,RTX 4060 Ti,16,Ultra,2560x1440,32,93.9
Baldur's Gate 3,Intel Core i9-13900K,RTX 4060 Ti,8,Ultra,2560x1440,32,93.3
Baldur's Gate 3,Intel Core i9-13900K,RTX 3070,8,Ultra,2560x1440,32,92.2
Baldur's Gate 3,Intel Core i9-13900K,RX 6700 XT,12,Ultra,2560x1440,32,83.3
Baldur's Gate 3,Intel Core i9-13900K,RTX 3060 Ti,8,Ultra,2560x1440,32,79.2
Baldur's Gate 3,Intel Core i9-13900K,RX 7600,8,Ultra,2560x1440,32,71.2
Baldur's Gate 3,Intel Core i9-13900K,Arc A770,16,Ultra,2560x1440,32,69.7
Baldur's Gate 3,Intel Core i9-13900K,RTX 4060,8,Ultra,2560x1440,32,69.2
Baldur's Gate 3,Intel Core i9-13900K,RX 6600 XT,8,Ultra,2560x1440,32,67.0
Baldur's Gate 3,Intel Core i9-13900K,Arc A750,8,Ultra,2560x1440,32,63.4
Baldur's Gate 3,Intel Core i9-13900K,RX 5700 XT,8,Ultra,2560x1440,32,61.3
Baldur's Gate 3,Intel Core i9-13900K,RTX 3060,12,Ultra,2560x1440,32,60.8
Baldur's Gate 3,Intel Core i9-13900K,RX 6600,8,Ultra,2560x1440,32,55.7
Baldur's Gate 3,Intel Core i9-13900K,RTX 3050,8,Ultra,2560x1440,32,43.7
Baldur's Gate 3,Intel Core i9-13900K,RX 6500 XT,4,Ultra,2560x1440,32,33.0
Baldur's Gate 3,Intel Core i9-13900K,RTX 4090,24,Ultra,3840x2160,32,150.7
Baldur's Gate 3,Intel Core i9-13900K,RX 7900 XTX,24,Ultra,3840x2160,32,112.5
Baldur's Gate 3,Intel Core i9-13900K,RTX 4080,16,Ultra,3840x2160,32,112.4
Baldur's Gate 3,Intel Core i9-13900K,RX 7900 XT,20,Ultra,3840x2160,32,94.6
Baldur's Gate 3,Intel Core i9-13900K,RTX 3090 Ti,24,Ultra,3840x2160,32,94.3
Baldur's Gate 3,Intel Core i9-13900K,RTX 4070 Ti,12,Ultra,3840x2160,32,85.6
Baldur's Gate 3,Intel Core i9-13900K,RTX 3090,24,Ultra,3840x2160,32,82.1
Baldur's Gate 3,Intel Core i9-13900K,RX 6900 XT,16,Ultra,3840x2160,32,77.3
Baldur's Gate 3,Intel Core i9-13900K,RTX 3080,10,Ultra,3840x2160,32,73.2
Baldur's Gate 3,Intel Core i9-13900K,RX 6800 XT,16,Ultra,3840x2160,32,71.6
Baldur's Gate 3,Intel Core i9-13900K,RTX 4070,12,Ultra,3840x2160,32,67.6
Baldur's Gate 3,Intel Core i9-13900K,RX 6800,16,Ultra,3840x2160,32,60.1
Baldur's Gate 3,Intel Core i9-13900K,RTX 3070 Ti,8,Ultra,3840x2160,32,59.2
Baldur's Gate 3,Intel Core i9-13900K,RTX 2080 Ti,11,Ultra,3840x2160,32,54.7
Baldur's Gate 3,Intel Core i9-13900K,RTX 3070,8,Ultra,3840x2160,32,54.4
Baldur's Gate 3,Intel Core i9-13900K,RTX 4060 Ti,16,Ultra,3840x2160,32,49.4
Baldur's Gate 3,Intel Core i9-13900K,RTX 4060 Ti,8,Ultra,3840x2160,32,48.6
Baldur's Gate 3,Intel Core i9-13900K,RX 6700 XT,12,Ultra,3840x2160,32,47.4
Baldur's Gate 3,Intel Core i9-13900K,RTX 3060 Ti,8,Ultra,3840x2160,32,46.6
Baldur's Gate 3,Intel Core i9-13900K,Arc A770,16,Ultra,3840x2160,32,40.8
Baldur's Gate 3,Intel Core i9-13900K,RX 7600,8,Ultra,3840x2160,32,40.6
Baldur's Gate 3,Intel Core i9-13900K,RTX 4060,8,Ultra,3840x2160,32,38.5
Baldur's Gate 3,Intel Core i9-13900K,Arc A750,8,Ultra,3840x2160,32,38.0
Baldur's Gate 3,Intel Core i9-13900K,RX 6600 XT,8,Ultra,3840x2160,32,36.3
Baldur's Gate 3,Intel Core i9-13900K,RTX 3060,12,Ultra,3840x2160,32,35.6
Baldur's Gate 3,Intel Core i9-13900K,RX 5700 XT,8,Ultra,3840x2160,32,34.8
Baldur's Gate 3,Intel Core i9-13900K,RX 6600,8,Ultra,3840x2160,32,28.9
Baldur's Gate 3,Intel Core i9-13900K,RTX 3050,8,Ultra,3840x2160,32,25.1
Baldur's Gate 3,Intel Core i9-13900K,RX 6500 XT,4,Ultra,3840x2160,32,17.5
Star Wars Outlaws,Intel Core i9-14900K,RTX 4090,24,Ultra,1920x1080,32,163.2
Star Wars Outlaws,Intel Core i9-14900K,RTX 4080 Super,16,Ultra,1920x1080,32,127.3
Star Wars Outlaws,Intel Core i9-14900K,RTX 4080,16,Ultra,1920x1080,32,125.4
Star Wars Outlaws,Intel Core i9-14900K,RX 7900 XTX,24,Ultra,1920x1080,32,109.6
Star Wars Outlaws,Intel Core i9-14900K,RTX 4070 Ti Super,16,Ultra,1920x1080,32,109.1
Star Wars Outlaws,Intel Core i9-14900K,RTX 4070 Ti,12,Ultra,1920x1080,32,104.4
Star Wars Outlaws,Intel Core i9-14900K,RTX 3090 Ti,24,Ultra,1920x1080,32,100.7
Star Wars Outlaws,Intel Core i9-14900K,RX 7900 XT,20,Ultra,1920x1080,32,96.5
Star Wars Outlaws,Intel Core i9-14900K,RTX 4070 Super,12,Ultra,1920x1080,32,95.0
Star Wars Outlaws,Intel Core i9-14900K,RTX 3090,24,Ultra,1920x1080,32,90.4
Star Wars Outlaws,Intel Core i9-14900K,RTX 4070,12,Ultra,1920x1080,32,81.4
Star Wars Outlaws,Intel Core i9-14900K,RTX 3080,10,Ultra,1920x1080,32,80.4
Star Wars Outlaws,Intel Core i9-14900K,RX 6900 XT,16,Ultra,1920x1080,32,74.1
Star Wars Outlaws,Intel Core i9-14900K,RX 7800 XT,16,Ultra,1920x1080,32,73.4
Star Wars Outlaws,Intel Core i9-14900K,RX 6800 XT,16,Ultra,1920x1080,32,69.3
Star Wars Outlaws,Intel Core i9-14900K,RTX 3070 Ti,8,Ultra,1920x1080,32,65.1
Star Wars Outlaws,Intel Core i9-14900K,RX 7700 XT,12,Ultra,1920x1080,32,64.6
Star Wars Outlaws,Intel Core i9-14900K,RTX 4060 Ti,8,Ultra,1920x1080,32,62.8
Star Wars Outlaws,Intel Core i9-14900K,RTX 4060 Ti,16,Ultra,1920x1080,32,62.7
Star Wars Outlaws,Intel Core i9-14900K,RTX 3070,8,Ultra,1920x1080,32,61.5
Star Wars Outlaws,Intel Core i9-14900K,RX 6800,16,Ultra,1920x1080,32,59.2
Star Wars Outlaws,Intel Core i9-14900K,RTX 3060 Ti,8,Ultra,1920x1080,32,52.6
Star Wars Outlaws,Intel Core i9-14900K,RX 6700 XT,12,Ultra,1920x1080,32,46.8
Star Wars Outlaws,Intel Core i9-14900K,RTX 4060,8,Ultra,1920x1080,32,46.5
Star Wars Outlaws,Intel Core i9-14900K,RX 7600 XT,16,Ultra,1920x1080,32,42.3
Star Wars Outlaws,Intel Core i9-14900K,RTX 2080 Ti,11,Ultra,1920x1080,32,42.1
Star Wars Outlaws,Intel Core i9-14900K,RX 7600,8,Ultra,1920x1080,32,39.9
Star Wars Outlaws,Intel Core i9-14900K,RTX 3060,12,Ultra,1920x1080,32,39.7
Star Wars Outlaws,Intel Core i9-14900K,Arc A770,16,Ultra,1920x1080,32,39.3
Star Wars Outlaws,Intel Core i9-14900K,RX 6600 XT,8,Ultra,1920x1080,32,36.5
Star Wars Outlaws,Intel Core i9-14900K,Arc A750,8,Ultra,1920x1080,32,36.1
Star Wars Outlaws,Intel Core i9-14900K,RX 5700 XT,8,Ultra,1920x1080,32,31.3
Star Wars Outlaws,Intel Core i9-14900K,RX 6600,8,Ultra,1920x1080,32,30.6
Star Wars Outlaws,Intel Core i9-14900K,RTX 3050,8,Ultra,1920x1080,32,28.3
Star Wars Outlaws,Intel Core i9-14900K,RTX 4090,24,Ultra,2560x1440,32,112.8
Star Wars Outlaws,Intel Core i9-14900K,RTX 4080 Super,16,Ultra,2560x1440,32,86.2
Star Wars Outlaws,Intel Core i9-14900K,RTX 4080,16,Ultra,2560x1440,32,84.3
Star Wars Outlaws,Intel Core i9-14900K,RX 7900 XTX,24,Ultra,2560x1440,32,75.8
Star Wars Outlaws,Intel Core i9-14900K,RTX 4070 Ti Super,16,Ultra,2560x1440,32,71.8
Star Wars Outlaws,Intel Core i9-14900K,RTX 3090 Ti,24,Ultra,2560x1440,32,68.9
Star Wars Outlaws,Intel Core i9-14900K,RTX 4070 Ti,12,Ultra,2560x1440,32,68.5
Star Wars Outlaws,Intel Core i9-14900K,RX 7900 XT,20,Ultra,2560x1440,32,65.0
Star Wars Outlaws,Intel Core i9-14900K,RTX 4070 Super,12,Ultra,2560x1440,32,61.8
Star Wars Outlaws,Intel Core i9-14900K,RTX 3090,24,Ultra,2560x1440,32,60.8
Star Wars Outlaws,Intel Core i9-14900K,RTX 3080,10,Ultra,2560x1440,32,53.8
Star Wars Outlaws,Intel Core i9-14900K,RTX 4070,12,Ultra,2560x1440,32,53.2
Star Wars Outlaws,Intel Core i9-14900K,RX 7800 XT,16,Ultra,2560x1440,32,49.1
Star Wars Outlaws,Intel Core i9-14900K,RX 6900 XT,16,Ultra,2560x1440,32,48.7
Star Wars Outlaws,Intel Core i9-14900K,RX 6800 XT,16,Ultra,2560x1440,32,45.4
Star Wars Outlaws,Intel Core i9-14900K,RX 7700 XT,12,Ultra,2560x1440,32,42.9
Star Wars Outlaws,Intel Core i9-14900K,RTX 3070 Ti,8,Ultra,2560x1440,32,42.9
Star Wars Outlaws,Intel Core i9-14900K,RTX 4060 Ti,8,Ultra,2560x1440,32,40.5
Star Wars Outlaws,Intel Core i9-14900K,RTX 3070,8,Ultra,2560x1440,32,40.5
Star Wars Outlaws,Intel Core i9-14900K,RTX 4060 Ti,16,Ultra,2560x1440,32,40.0
Star Wars Outlaws,Intel Core i9-14900K,RX 6800,16,Ultra,2560x1440,32,38.9
Star Wars Outlaws,Intel Core i9-14900K,RTX 3060 Ti,8,Ultra,2560x1440,32,34.4
Star Wars Outlaws,Intel Core i9-14900K,RX 6700 XT,12,Ultra,2560x1440,32,30.1
Star Wars Outlaws,Intel Core i9-14900K,RTX 4060,8,Ultra,2560x1440,32,29.3
Star Wars Outlaws,Intel Core i9-14900K,RTX 2080 Ti,11,Ultra,2560x1440,32,28.9
Star Wars Outlaws,Intel Core i9-14900K,RX 7600 XT,16,Ultra,2560x1440,32,27.6
Star Wars Outlaws,Intel Core i9-14900K,Arc A770,16,Ultra,2560x1440,32,27.0
Star Wars Outlaws,Intel Core i9-14900K,RX 7600,8,Ultra,2560x1440,32,26.0
Star Wars Outlaws,Intel Core i9-14900K,RTX 3060,12,Ultra,2560x1440,32,25.5
Star Wars Outlaws,Intel Core i9-14900K,Arc A750,8,Ultra,2560x1440,32,25.5
Star Wars Outlaws,Intel Core i9-14900K,RX 6600 XT,8,Ultra,2560x1440,32,23.2
Star Wars Outlaws,Intel Core i9-14900K,RX 5700 XT,8,Ultra,2560x1440,32,20.1
Star Wars Outlaws,Intel Core i9-14900K,RX 6600,8,Ultra,2560x1440,32,19.4
Star Wars Outlaws,Intel Core i9-14900K,RTX 3050,8,Ultra,2560x1440,32,18.2
Star Wars Outlaws,Intel Core i9-14900K,RTX 4090,24,Ultra,3840x2160,32,61.4
Star Wars Outlaws,Intel Core i9-14900K,RTX 4080 Super,16,Ultra,3840x2160,32,45.2
Star Wars Outlaws,Intel Core i9-14900K,RTX 4080,16,Ultra,3840x2160,32,44.5
Star Wars Outlaws,Intel Core i9-14900K,RX 7900 XTX,24,Ultra,3840x2160,32,40.1
Star Wars Outlaws,Intel Core i9-14900K,RTX 3090 Ti,24,Ultra,3840x2160,32,37.7
Star Wars Outlaws,Intel Core i9-14900K,RTX 4070 Ti Super,16,Ultra,3840x2160,32,35.9
Star Wars Outlaws,Intel Core i9-14900K,RX 7900 XT,20,Ultra,3840x2160,32,33.5
Star Wars Outlaws,Intel Core i9-14900K,RTX 3090,24,Ultra,3840x2160,32,32.7
Star Wars Outlaws,Intel Core i9-14900K,RTX 3080,10,Ultra,3840x2160,32,28.4
Star Wars Outlaws,Intel Core i9-14900K,RTX 4070 Ti,12,Ultra,3840x2160,32,28.2
Star Wars Outlaws,Intel Core i9-14900K,RX 7800 XT,16,Ultra,3840x2160,32,25.3
Star Wars Outlaws,Intel Core i9-14900K,RTX 4070 Super,12,Ultra,3840x2160,32,25.2
Star Wars Outlaws,Intel Core i9-14900K,RX 6900 XT,16,Ultra,3840x2160,32,24.1
Star Wars Outlaws,Intel Core i9-14900K,RTX 4070,12,Ultra,3840x2160,32,23.0
Star Wars Outlaws,Intel Core i9-14900K,RX 6800 XT,16,Ultra,3840x2160,32,22.6
Star Wars Outlaws,Intel Core i9-14900K,RTX 3070 Ti,8,Ultra,3840x2160,32,22.5
Star Wars Outlaws,Intel Core i9-14900K,RX 7700 XT,12,Ultra,3840x2160,32,21.8
Star Wars Outlaws,Intel Core i9-14900K,RTX 3070,8,Ultra,3840x2160,32,21.8
Star Wars Outlaws,Intel Core i9-14900K,RX 6800,16,Ultra,3840x2160,32,19.3
Star Wars Outlaws,Intel Core i9-14900K,RX 6700 XT,12,Ultra,3840x2160,32,14.8
Star Wars Outlaws,Intel Core i9-14900K,Arc A770,16,Ultra,3840x2160,32,14.4
Star Wars Outlaws,Intel Core i9-14900K,RTX 2080 Ti,11,Ultra,3840x2160,32,14.3
Star Wars Outlaws,Intel Core i9-14900K,RTX 3060 Ti,8,Ultra,3840x2160,32,14.1
Star Wars Outlaws,Intel Core i9-14900K,Arc A750,8,Ultra,3840x2160,32,13.9
Star Wars Outlaws,Intel Core i9-14900K,RX 7600 XT,16,Ultra,3840x2160,32,13.8
Star Wars Outlaws,Intel Core i9-14900K,RX 7600,8,Ultra,3840x2160,32,13.4
Star Wars Outlaws,Intel Core i9-14900K,RTX 4060 Ti,8,Ultra,3840x2160,32,12.9
Star Wars Outlaws,Intel Core i9-14900K,RTX 4060 Ti,16,Ultra,3840x2160,32,12.8
Star Wars Outlaws,Intel Core i9-14900K,RX 6600 XT,8,Ultra,3840x2160,32,11.7
Star Wars Outlaws,Intel Core i9-14900K,RTX 4060,8,Ultra,3840x2160,32,10.3
Star Wars Outlaws,Intel Core i9-14900K,RX 5700 XT,8,Ultra,3840x2160,32,10.1
Star Wars Outlaws,Intel Core i9-14900K,RX 6600,8,Ultra,3840x2160,32,9.6
Star Wars Outlaws,Intel Core i9-14900K,RTX 3060,12,Ultra,3840x2160,32,9.3
Star Wars Outlaws,Intel Core i9-14900K,RTX 3050,8,Ultra,3840x2160,32,6.6
STALKER 2,Intel Core i9-14900K,RTX 4090,24,Ultra,1920x1080,32,128.6
STALKER 2,Intel Core i9-14900K,RTX 4080 Super,16,Ultra,1920x1080,32,111.5
STALKER 2,Intel Core i9-14900K,RTX 4080,16,Ultra,1920x1080,32,111.1
STALKER 2,Intel Core i9-14900K,RTX 4070 Ti Super,16,Ultra,1920x1080,32,98.7
STALKER 2,Intel Core i9-14900K,RX 7900 XTX,24,Ultra,1920x1080,32,95.7
STALKER 2,Intel Core i9-14900K,RTX 4070 Ti,12,Ultra,1920x1080,32,95.4
STALKER 2,Intel Core i9-14900K,RTX 3090 Ti,24,Ultra,1920x1080,32,88.6
STALKER 2,Intel Core i9-14900K,RTX 4070 Super,12,Ultra,1920x1080,32,88.0
STALKER 2,Intel Core i9-14900K,RX 7900 XT,20,Ultra,1920x1080,32,86.5
STALKER 2,Intel Core i9-14900K,RTX 3090,24,Ultra,1920x1080,32,81.7
STALKER 2,Intel Core i9-14900K,RTX 4070,12,Ultra,1920x1080,32,79.4
STALKER 2,Intel Core i9-14900K,RX 7900 GRE,16,Ultra,1920x1080,32,74.3
STALKER 2,Intel Core i9-14900K,RTX 3080,10,Ultra,1920x1080,32,73.1
STALKER 2,Intel Core i9-14900K,RX 7800 XT,16,Ultra,1920x1080,32,69.8
STALKER 2,Intel Core i9-14900K,RX 6900 XT,16,Ultra,1920x1080,32,68.4
STALKER 2,Intel Core i9-14900K,RX 6800 XT,16,Ultra,1920x1080,32,65.4
STALKER 2,Intel Core i9-14900K,RTX 3070 Ti,8,Ultra,1920x1080,32,64.6
STALKER 2,Intel Core i9-14900K,RTX 4060 Ti,8,Ultra,1920x1080,32,61.9
STALKER 2,Intel Core i9-14900K,RTX 4060 Ti,16,Ultra,1920x1080,32,61.5
STALKER 2,Intel Core i9-14900K,RTX 3070,8,Ultra,1920x1080,32,61.4
STALKER 2,Intel Core i9-14900K,RX 7700 XT,12,Ultra,1920x1080,32,60.8
STALKER 2,Intel Core i9-14900K,RTX 2080 Ti,11,Ultra,1920x1080,32,60.1
STALKER 2,Intel Core i9-14900K,RX 6800,16,Ultra,1920x1080,32,56.6
STALKER 2,Intel Core i9-14900K,RTX 3060 Ti,8,Ultra,1920x1080,32,54.6
STALKER 2,Intel Core i9-14900K,RTX 4060,8,Ultra,1920x1080,32,50.8
STALKER 2,Intel Core i9-14900K,RX 6700 XT,12,Ultra,1920x1080,32,48.4
STALKER 2,Intel Core i9-14900K,RX 7600 XT,16,Ultra,1920x1080,32,46.8
STALKER 2,Intel Core i9-14900K,RX 7600,8,Ultra,1920x1080,32,43.8
STALKER 2,Intel Core i9-14900K,RTX 3060,12,Ultra,1920x1080,32,42.7
STALKER 2,Intel Core i9-14900K,RX 6600 XT,8,Ultra,1920x1080,32,40.0
STALKER 2,Intel Core i9-14900K,RX 5700 XT,8,Ultra,1920x1080,32,38.1
STALKER 2,Intel Core i9-14900K,Arc A750,8,Ultra,1920x1080,32,36.0
STALKER 2,Intel Core i9-14900K,RX 6600,8,Ultra,1920x1080,32,34.1
STALKER 2,Intel Core i9-14900K,RTX 3050,8,Ultra,1920x1080,32,30.4
STALKER 2,Intel Core i9-14900K,RTX 4090,24,Ultra,2560x1440,32,98.2
STALKER 2,Intel Core i9-14900K,RTX 4080 Super,16,Ultra,2560x1440,32,84.4
STALKER 2,Intel Core i9-14900K,RTX 4080,16,Ultra,2560x1440,32,84.2
STALKER 2,Intel Core i9-14900K,RX 7900 XTX,24,Ultra,2560x1440,32,75.0
STALKER 2,Intel Core i9-14900K,RTX 4070 Ti Super,16,Ultra,2560x1440,32,74.0
STALKER 2,Intel Core i9-14900K,RTX 4070 Ti,12,Ultra,2560x1440,32,69.9
STALKER 2,Intel Core i9-14900K,RTX 3090 Ti,24,Ultra,2560x1440,32,69.2
STALKER 2,Intel Core i9-14900K,RX 7900 XT,20,Ultra,2560x1440,32,66.7
STALKER 2,Intel Core i9-14900K,RTX 4070 Super,12,Ultra,2560x1440,32,63.8
STALKER 2,Intel Core i9-14900K,RTX 3090,24,Ultra,2560x1440,32,63.0
STALKER 2,Intel Core i9-14900K,RTX 4070,12,Ultra,2560x1440,32,57.8
STALKER 2,Intel Core i9-14900K,RTX 3080,10,Ultra,2560x1440,32,57.3
STALKER 2,Intel Core i9-14900K,RX 7900 GRE,16,Ultra,2560x1440,32,56.3
STALKER 2,Intel Core i9-14900K,RX 7800 XT,16,Ultra,2560x1440,32,52.4
STALKER 2,Intel Core i9-14900K,RX 6900 XT,16,Ultra,2560x1440,32,51.0
STALKER 2,Intel Core i9-14900K,RTX 3070 Ti,8,Ultra,2560x1440,32,49.5
STALKER 2,Intel Core i9-14900K,RX 6800 XT,16,Ultra,2560x1440,32,48.9
STALKER 2,Intel Core i9-14900K,RTX 3070,8,Ultra,2560x1440,32,45.9
STALKER 2,Intel Core i9-14900K,RX 7700 XT,12,Ultra,2560x1440,32,45.4
STALKER 2,Intel Core i9-14900K,RTX 2080 Ti,11,Ultra,2560x1440,32,44.6
STALKER 2,Intel Core i9-14900K,RTX 4060 Ti,8,Ultra,2560x1440,32,44.1
STALKER 2,Intel Core i9-14900K,RTX 4060 Ti,16,Ultra,2560x1440,32,43.4
STALKER 2,Intel Core i9-14900K,RX 6800,16,Ultra,2560x1440,32,42.4
STALKER 2,Intel Core i9-14900K,RTX 3060 Ti,8,Ultra,2560x1440,32,40.5
STALKER 2,Intel Core i9-14900K,RX 6700 XT,12,Ultra,2560x1440,32,34.9
STALKER 2,Intel Core i9-14900K,RTX 4060,8,Ultra,2560x1440,32,34.7
STALKER 2,Intel Core i9-14900K,RX 7600 XT,16,Ultra,2560x1440,32,32.4
STALKER 2,Intel Core i9-14900K,RX 7600,8,Ultra,2560x1440,32,30.9
STALKER 2,Intel Core i9-14900K,RTX 3060,12,Ultra,2560x1440,32,30.8
STALKER 2,Intel Core i9-14900K,Arc A770,16,Ultra,2560x1440,32,30.1
STALKER 2,Intel Core i9-14900K,RX 6600 XT,8,Ultra,2560x1440,32,27.9
STALKER 2,Intel Core i9-14900K,Arc A750,8,Ultra,2560x1440,32,27.7
STALKER 2,Intel Core i9-14900K,RX 5700 XT,8,Ultra,2560x1440,32,27.6
STALKER 2,Intel Core i9-14900K,RX 6600,8,Ultra,2560x1440,32,23.5
STALKER 2,Intel Core i9-14900K,RTX 3050,8,Ultra,2560x1440,32,21.0
STALKER 2,Intel Core i9-14900K,RTX 4090,24,Ultra,3840x2160,32,61.7
STALKER 2,Intel Core i9-14900K,RTX 4080 Super,16,Ultra,3840x2160,32,50.5
STALKER 2,Intel Core i9-14900K,RTX 4080,16,Ultra,3840x2160,32,49.5
STALKER 2,Intel Core i9-14900K,RX 7900 XTX,24,Ultra,3840x2160,32,45.7
STALKER 2,Intel Core i9-14900K,RTX 3090 Ti,24,Ultra,3840x2160,32,44.1
STALKER 2,Intel Core i9-14900K,RTX 4070 Ti Super,16,Ultra,3840x2160,32,43.5
STALKER 2,Intel Core i9-14900K,RTX 4070 Ti,12,Ultra,3840x2160,32,39.6
STALKER 2,Intel Core i9-14900K,RTX 3090,24,Ultra,3840x2160,32,39.5
STALKER 2,Intel Core i9-14900K,RX 7900 XT,20,Ultra,3840x2160,32,39.1
STALKER 2,Intel Core i9-14900K,RTX 4070 Super,12,Ultra,3840x2160,32,36.3
STALKER 2,Intel Core i9-14900K,RTX 3080,10,Ultra,3840x2160,32,34.5
STALKER 2,Intel Core i9-14900K,RX 7900 GRE,16,Ultra,3840x2160,32,32.7
STALKER 2,Intel Core i9-14900K,RTX 4070,12,Ultra,3840x2160,32,31.8
STALKER 2,Intel Core i9-14900K,RX 7800 XT,16,Ultra,3840x2160,32,29.9
STALKER 2,Intel Core i9-14900K,RX 6900 XT,16,Ultra,3840x2160,32,29.5
STALKER 2,Intel Core i9-14900K,RX 6800 XT,16,Ultra,3840x2160,32,28.0
STALKER 2,Intel Core i9-14900K,RTX 3070,8,Ultra,3840x2160,32,26.1
STALKER 2,Intel Core i9-14900K,RX 7700 XT,12,Ultra,3840x2160,32,25.3
STALKER 2,Intel Core i9-14900K,RTX 2080 Ti,11,Ultra,3840x2160,32,25.0
STALKER 2,Intel Core i9-14900K,RX 6800,16,Ultra,3840x2160,32,24.3
STALKER 2,Intel Core i9-14900K,RTX 4060 Ti,8,Ultra,3840x2160,32,23.6
STALKER 2,Intel Core i9-14900K,RTX 4060 Ti,16,Ultra,3840x2160,32,22.9
STALKER 2,Intel Core i9-14900K,RTX 3070 Ti,8,Ultra,3840x2160,32,21.3
STALKER 2,Intel Core i9-14900K,RX 6700 XT,12,Ultra,3840x2160,32,19.4
STALKER 2,Intel Core i9-14900K,RTX 4060,8,Ultra,3840x2160,32,18.4
STALKER 2,Intel Core i9-14900K,Arc A770,16,Ultra,3840x2160,32,17.6
STALKER 2,Intel Core i9-14900K,RX 7600 XT,16,Ultra,3840x2160,32,17.1
STALKER 2,Intel Core i9-14900K,RTX 3060,12,Ultra,3840x2160,32,17.0
STALKER 2,Intel Core i9-14900K,RTX 3060 Ti,8,Ultra,3840x2160,32,13.2
STALKER 2,Intel Core i9-14900K,RTX 3050,8,Ultra,3840x2160,32,11.1
STALKER 2,Intel Core i9-14900K,RX 6600 XT,8,Ultra,3840x2160,32,10.5
STALKER 2,Intel Core i9-14900K,RX 7600,8,Ultra,3840x2160,32,7.8
STALKER 2,Intel Core i9-14900K,Arc A750,8,Ultra,3840x2160,32,7.0
STALKER 2,Intel Core i9-14900K,RX 5700 XT,8,Ultra,3840x2160,32,6.4
STALKER 2,Intel Core i9-14900K,RX 6600,8,Ultra,3840x2160,32,3.8
Battlefield V,Intel Core i7-8700K,GTX 1060,3,Ultra,1920x1080,16,45.8
Battlefield V,Intel Core i7-8700K,GTX 970,4,Ultra,1920x1080,16,47.0
Battlefield V,Intel Core i7-8700K,RX 570,4,Ultra,1920x1080,16,69.1
Battlefield V,Intel Core i7-8700K,GTX 1060,6,Ultra,1920x1080,16,73.4
Battlefield V,Intel Core i7-8700K,RX 580,8,Ultra,1920x1080,16,76.3
Battlefield V,Intel Core i7-8700K,GTX 1070,8,Ultra,1920x1080,16,96.0
Battlefield V,Intel Core i7-8700K,GTX 1070 Ti,8,Ultra,1920x1080,16,106.4
Battlefield V,Intel Core i7-8700K,RX Vega 56,8,Ultra,1920x1080,16,107.1
Battlefield V,Intel Core i7-8700K,GTX 1080,8,Ultra,1920x1080,16,108.7
Battlefield V,Intel Core i7-8700K,RTX 2070,8,Ultra,1920x1080,16,112.3
Battlefield V,Intel Core i7-8700K,RX Vega 64,8,Ultra,1920x1080,16,118.0
Battlefield V,Intel Core i7-8700K,GTX 1080 Ti,11,Ultra,1920x1080,16,135.0
Battlefield V,Intel Core i7-8700K,RTX 2080,8,Ultra,1920x1080,16,138.0
Battlefield V,Intel Core i7-8700K,RTX 2080 Ti,11,Ultra,1920x1080,16,158.8
Battlefield V,Intel Core i7-8700K,GTX 1060,3,Ultra,2560x1440,16,16.1
Battlefield V,Intel Core i7-8700K,GTX 970,4,Ultra,2560x1440,16,38.8
Battlefield V,Intel Core i7-8700K,RX 570,4,Ultra,2560x1440,16,48.7
Battlefield V,Intel Core i7-8700K,GTX 1060,6,Ultra,2560x1440,16,54.1
Battlefield V,Intel Core i7-8700K,RX 580,8,Ultra,2560x1440,16,58.9
Battlefield V,Intel Core i7-8700K,GTX 1070,8,Ultra,2560x1440,16,71.0
Battlefield V,Intel Core i7-8700K,GTX 1070 Ti,8,Ultra,2560x1440,16,80.4
Battlefield V,Intel Core i7-8700K,RX Vega 56,8,Ultra,2560x1440,16,82.9
Battlefield V,Intel Core i7-8700K,GTX 1080,8,Ultra,2560x1440,16,84.5
Battlefield V,Intel Core i7-8700K,RX Vega 64,8,Ultra,2560x1440,16,89.5
Battlefield V,Intel Core i7-8700K,RTX 2070,8,Ultra,2560x1440,16,90.9
Battlefield V,Intel Core i7-8700K,GTX 1080 Ti,11,Ultra,2560x1440,16,109.8
Battlefield V,Intel Core i7-8700K,RTX 2080,8,Ultra,2560x1440,16,111.1
Battlefield V,Intel Core i7-8700K,RTX 2080 Ti,11,Ultra,2560x1440,16,133.6
DOOM Eternal,Intel Core i9-9900K,GTX 1060,3,Ultra,1920x1080,16,64.3
DOOM Eternal,Intel Core i9-9900K,RX 5500 XT,4,Ultra,1920x1080,16,69.7
DOOM Eternal,Intel Core i9-9900K,RX 570,4,Ultra,1920x1080,16,75.5
DOOM Eternal,Intel Core i9-9900K,GTX 1060,6,Ultra,1920x1080,16,76.8
DOOM Eternal,Intel Core i9-9900K,GTX 1650 Super,4,Ultra,1920x1080,16,90.2
DOOM Eternal,Intel Core i9-9900K,RX 580,8,Ultra,1920x1080,16,93.5
DOOM Eternal,Intel Core i9-9900K,RX 590,8,Ultra,1920x1080,16,105.4
DOOM Eternal,Intel Core i9-9900K,GTX 1660,6,Ultra,1920x1080,16,107.3
DOOM Eternal,Intel Core i9-9900K,GTX 1070,8,Ultra,1920x1080,16,109.0
DOOM Eternal,Intel Core i9-9900K,GTX 1660 Super,6,Ultra,1920x1080,16,116.3
DOOM Eternal,Intel Core i9-9900K,GTX 1660 Ti,6,Ultra,1920x1080,16,120.9
DOOM Eternal,Intel Core i9-9900K,RX Vega 56,8,Ultra,1920x1080,16,125.9
DOOM Eternal,Intel Core i9-9900K,GTX 1070 Ti,8,Ultra,1920x1080,16,130.1
DOOM Eternal,Intel Core i9-9900K,GTX 1080,8,Ultra,1920x1080,16,136.2
DOOM Eternal,Intel Core i9-9900K,RX Vega 64,8,Ultra,1920x1080,16,136.2
DOOM Eternal,Intel Core i9-9900K,RX 5600 XT,6,Ultra,1920x1080,16,139.3
DOOM Eternal,Intel Core i9-9900K,RTX 2060,6,Ultra,1920x1080,16,142.9
DOOM Eternal,Intel Core i9-9900K,RX 5700,8,Ultra,1920x1080,16,157.8
DOOM Eternal,Intel Core i9-9900K,Radeon VII,16,Ultra,1920x1080,16,165.1
DOOM Eternal,Intel Core i9-9900K,RTX 2060 Super,8,Ultra,1920x1080,16,166.1
DOOM Eternal,Intel Core i9-9900K,RTX 2070,8,Ultra,1920x1080,16,172.2
DOOM Eternal,Intel Core i9-9900K,GTX 1080 Ti,11,Ultra,1920x1080,16,175.2
DOOM Eternal,Intel Core i9-9900K,RX 5700 XT,8,Ultra,1920x1080,16,182.4
DOOM Eternal,Intel Core i9-9900K,RTX 2070 Super,8,Ultra,1920x1080,16,197.2
DOOM Eternal,Intel Core i9-9900K,RTX 2080,8,Ultra,1920x1080,16,216.1
DOOM Eternal,Intel Core i9-9900K,RTX 2080 Super,8,Ultra,1920x1080,16,231.0
DOOM Eternal,Intel Core i9-9900K,RTX 2080 Ti,11,Ultra,1920x1080,16,260.6
DOOM Eternal,Intel Core i9-9900K,GTX 1060,3,Ultra,2560x1440,16,42.9
DOOM Eternal,Intel Core i9-9900K,RX 570,4,Ultra,2560x1440,16,49.8
DOOM Eternal,Intel Core i9-9900K,RX 5500 XT,4,Ultra,2560x1440,16,51.5
DOOM Eternal,Intel Core i9-9900K,GTX 1060,6,Ultra,2560x1440,16,53.3
DOOM Eternal,Intel Core i9-9900K,GTX 1650 Super,4,Ultra,2560x1440,16,62.8
DOOM Eternal,Intel Core i9-9900K,RX 580,8,Ultra,2560x1440,16,67.3
DOOM Eternal,Intel Core i9-9900K,RX 590,8,Ultra,2560x1440,16,74.0
DOOM Eternal,Intel Core i9-9900K,GTX 1660,6,Ultra,2560x1440,16,75.0
DOOM Eternal,Intel Core i9-9900K,GTX 1070,8,Ultra,2560x1440,16,76.2
DOOM Eternal,Intel Core i9-9900K,GTX 1660 Super,6,Ultra,2560x1440,16,81.5
DOOM Eternal,Intel Core i9-9900K,GTX 1660 Ti,6,Ultra,2560x1440,16,85.5
DOOM Eternal,Intel Core i9-9900K,GTX 1070 Ti,8,Ultra,2560x1440,16,90.7
DOOM Eternal,Intel Core i9-9900K,RX Vega 56,8,Ultra,2560x1440,16,92.1
DOOM Eternal,Intel Core i9-9900K,GTX 1080,8,Ultra,2560x1440,16,92.6
DOOM Eternal,Intel Core i9-9900K,RX Vega 64,8,Ultra,2560x1440,16,99.4
DOOM Eternal,Intel Core i9-9900K,RTX 2060,6,Ultra,2560x1440,16,100.4
DOOM Eternal,Intel Core i9-9900K,RX 5600 XT,6,Ultra,2560x1440,16,101.6
DOOM Eternal,Intel Core i9-9900K,RX 5700,8,Ultra,2560x1440,16,116.3
DOOM Eternal,Intel Core i9-9900K,RTX 2060 Super,8,Ultra,2560x1440,16,116.8
DOOM Eternal,Intel Core i9-9900K,RTX 2070,8,Ultra,2560x1440,16,119.9
DOOM Eternal,Intel Core i9-9900K,GTX 1080 Ti,11,Ultra,2560x1440,16,120.2
DOOM Eternal,Intel Core i9-9900K,Radeon VII,16,Ultra,2560x1440,16,126.2
DOOM Eternal,Intel Core i9-9900K,RX 5700 XT,8,Ultra,2560x1440,16,130.8
DOOM Eternal,Intel Core i9-9900K,RTX 2070 Super,8,Ultra,2560x1440,16,138.6
DOOM Eternal,Intel Core i9-9900K,RTX 2080,8,Ultra,2560x1440,16,151.7
DOOM Eternal,Intel Core i9-9900K,RTX 2080 Super,8,Ultra,2560x1440,16,162.6
DOOM Eternal,Intel Core i9-9900K,RTX 2080 Ti,11,Ultra,2560x1440,16,185.1
DOOM Eternal,Intel Core i9-9900K,RX 5500 XT,4,Ultra,3840x2160,16,19.7
DOOM Eternal,Intel Core i9-9900K,GTX 1060,3,Ultra,3840x2160,16,22.9
DOOM Eternal,Intel Core i9-9900K,RX 570,4,Ultra,3840x2160,16,23.5
DOOM Eternal,Intel Core i9-9900K,GTX 1060,6,Ultra,3840x2160,16,28.7
DOOM Eternal,Intel Core i9-9900K,GTX 1650 Super,4,Ultra,3840x2160,16,31.1
DOOM Eternal,Intel Core i9-9900K,RX 580,8,Ultra,3840x2160,16,36.6
DOOM Eternal,Intel Core i9-9900K,GTX 1070,8,Ultra,3840x2160,16,40.5
DOOM Eternal,Intel Core i9-9900K,RX 590,8,Ultra,3840x2160,16,40.6
DOOM Eternal,Intel Core i9-9900K,GTX 1660,6,Ultra,3840x2160,16,40.8
DOOM Eternal,Intel Core i9-9900K,GTX 1660 Super,6,Ultra,3840x2160,16,44.5
DOOM Eternal,Intel Core i9-9900K,GTX 1660 Ti,6,Ultra,3840x2160,16,45.0
DOOM Eternal,Intel Core i9-9900K,GTX 1070 Ti,8,Ultra,3840x2160,16,49.2
DOOM Eternal,Intel Core i9-9900K,GTX 1080,8,Ultra,3840x2160,16,50.5
DOOM Eternal,Intel Core i9-9900K,RX Vega 56,8,Ultra,3840x2160,16,50.9
DOOM Eternal,Intel Core i9-9900K,RTX 2060,6,Ultra,3840x2160,16,53.7
DOOM Eternal,Intel Core i9-9900K,RX 5600 XT,6,Ultra,3840x2160,16,54.0
DOOM Eternal,Intel Core i9-9900K,RX Vega 64,8,Ultra,3840x2160,16,58.3
DOOM Eternal,Intel Core i9-9900K,RTX 2060 Super,8,Ultra,3840x2160,16,62.7
DOOM Eternal,Intel Core i9-9900K,RX 5700,8,Ultra,3840x2160,16,65.0
DOOM Eternal,Intel Core i9-9900K,GTX 1080 Ti,11,Ultra,3840x2160,16,65.2
DOOM Eternal,Intel Core i9-9900K,RTX 2070,8,Ultra,3840x2160,16,66.9
DOOM Eternal,Intel Core i9-9900K,RX 5700 XT,8,Ultra,3840x2160,16,71.9
DOOM Eternal,Intel Core i9-9900K,RTX 2070 Super,8,Ultra,3840x2160,16,74.3
DOOM Eternal,Intel Core i9-9900K,Radeon VII,16,Ultra,3840x2160,16,75.7
DOOM Eternal,Intel Core i9-9900K,RTX 2080,8,Ultra,3840x2160,16,82.3
DOOM Eternal,Intel Core i9-9900K,RTX 2080 Super,8,Ultra,3840x2160,16,87.3
DOOM Eternal,Intel Core i9-9900K,RTX 2080 Ti,11,Ultra,3840x2160,16,105.8
Far Cry 6,AMD Ryzen 7 5800X,GTX 1060,6,Ultra,1920x1080,16,49.6
Far Cry 6,AMD Ryzen 7 5800X,RX 580,8,Ultra,1920x1080,16,49.8
Far Cry 6,AMD Ryzen 7 5800X,RX 5500 XT,4,Ultra,1920x1080,16,60.5
Far Cry 6,AMD Ryzen 7 5800X,GTX 1070,8,Ultra,1920x1080,16,61.1
Far Cry 6,AMD Ryzen 7 5800X,GTX 1080,8,Ultra,1920x1080,16,69.2
Far Cry 6,AMD Ryzen 7 5800X,GTX 1660 Ti,6,Ultra,1920x1080,16,70.7
Far Cry 6,AMD Ryzen 7 5800X,GTX 1080 Ti,11,Ultra,1920x1080,16,79.1
Far Cry 6,AMD Ryzen 7 5800X,RX Vega 64,8,Ultra,1920x1080,16,79.6
Far Cry 6,AMD Ryzen 7 5800X,RTX 2060,6,Ultra,1920x1080,16,80.6
Far Cry 6,AMD Ryzen 7 5800X,RX 5600 XT,6,Ultra,1920x1080,16,83.2
Far Cry 6,AMD Ryzen 7 5800X,RTX 2070,8,Ultra,1920x1080,16,90.5
Far Cry 6,AMD Ryzen 7 5800X,RTX 3060,12,Ultra,1920x1080,16,99.4
Far Cry 6,AMD Ryzen 7 5800X,RX 6600 XT,8,Ultra,1920x1080,16,101.1
Far Cry 6,AMD Ryzen 7 5800X,RX 5700 XT,8,Ultra,1920x1080,16,104.2
Far Cry 6,AMD Ryzen 7 5800X,RTX 2080,8,Ultra,1920x1080,16,107.0
Far Cry 6,AMD Ryzen 7 5800X,RX 6700 XT,12,Ultra,1920x1080,16,116.0
Far Cry 6,AMD Ryzen 7 5800X,RTX 2080 Ti,11,Ultra,1920x1080,16,117.3
Far Cry 6,AMD Ryzen 7 5800X,RX 6800,16,Ultra,1920x1080,16,117.5
Far Cry 6,AMD Ryzen 7 5800X,RX 6800 XT,16,Ultra,1920x1080,16,117.7
Far Cry 6,AMD Ryzen 7 5800X,RX 6900 XT,16,Ultra,1920x1080,16,117.9
Far Cry 6,AMD Ryzen 7 5800X,RTX 3060 Ti,8,Ultra,1920x1080,16,118.6
Far Cry 6,AMD Ryzen 7 5800X,RTX 3070,8,Ultra,1920x1080,16,119.0
Far Cry 6,AMD Ryzen 7 5800X,RTX 3080,10,Ultra,1920x1080,16,119.1
Far Cry 6,AMD Ryzen 7 5800X,RTX 3080 Ti,12,Ultra,1920x1080,16,119.2
Far Cry 6,AMD Ryzen 7 5800X,RTX 3090,24,Ultra,1920x1080,16,119.5
Far Cry 6,AMD Ryzen 7 5800X,GTX 1060,6,Ultra,2560x1440,16,34.9
Far Cry 6,AMD Ryzen 7 5800X,RX 580,8,Ultra,2560x1440,16,36.4
Far Cry 6,AMD Ryzen 7 5800X,RX 5500 XT,4,Ultra,2560x1440,16,39.6
Far Cry 6,AMD Ryzen 7 5800X,GTX 1070,8,Ultra,2560x1440,16,45.3
Far Cry 6,AMD Ryzen 7 5800X,GTX 1660 Ti,6,Ultra,2560x1440,16,50.6
Far Cry 6,AMD Ryzen 7 5800X,GTX 1080,8,Ultra,2560x1440,16,51.5
Far Cry 6,AMD Ryzen 7 5800X,RX Vega 64,8,Ultra,2560x1440,16,59.1
Far Cry 6,AMD Ryzen 7 5800X,RX 5600 XT,6,Ultra,2560x1440,16,59.4
Far Cry 6,AMD Ryzen 7 5800X,RTX 2060,6,Ultra,2560x1440,16,59.7
Far Cry 6,AMD Ryzen 7 5800X,GTX 1080 Ti,11,Ultra,2560x1440,16,62.6
Far Cry 6,AMD Ryzen 7 5800X,RTX 2070,8,Ultra,2560x1440,16,66.8
Far Cry 6,AMD Ryzen 7 5800X,RTX 3060,12,Ultra,2560x1440,16,72.8
Far Cry 6,AMD Ryzen 7 5800X,RX 6600 XT,8,Ultra,2560x1440,16,74.3
Far Cry 6,AMD Ryzen 7 5800X,RX 5700 XT,8,Ultra,2560x1440,16,75.6
Far Cry 6,AMD Ryzen 7 5800X,RTX 2080,8,Ultra,2560x1440,16,81.4
Far Cry 6,AMD Ryzen 7 5800X,RX 6700 XT,12,Ultra,2560x1440,16,90.8
Far Cry 6,AMD Ryzen 7 5800X,RTX 3060 Ti,8,Ultra,2560x1440,16,93.6
Far Cry 6,AMD Ryzen 7 5800X,RTX 2080 Ti,11,Ultra,2560x1440,16,94.8
Far Cry 6,AMD Ryzen 7 5800X,RTX 3070,8,Ultra,2560x1440,16,103.5
Far Cry 6,AMD Ryzen 7 5800X,RX 6800,16,Ultra,2560x1440,16,106.9
Far Cry 6,AMD Ryzen 7 5800X,RX 6800 XT,16,Ultra,2560x1440,16,116.5
Far Cry 6,AMD Ryzen 7 5800X,RX 6900 XT,16,Ultra,2560x1440,16,116.8
Far Cry 6,AMD Ryzen 7 5800X,RTX 3080,10,Ultra,2560x1440,16,117.4
Far Cry 6,AMD Ryzen 7 5800X,RTX 3080 Ti,12,Ultra,2560x1440,16,118.1
Far Cry 6,AMD Ryzen 7 5800X,RTX 3090,24,Ultra,2560x1440,16,119.2
Far Cry 6,AMD Ryzen 7 5800X,RX 5500 XT,4,Ultra,3840x2160,16,4.9
Far Cry 6,AMD Ryzen 7 5800X,GTX 1060,6,Ultra,3840x2160,16,19.6
Far Cry 6,AMD Ryzen 7 5800X,RX 5600 XT,6,Ultra,3840x2160,16,19.9
Far Cry 6,AMD Ryzen 7 5800X,GTX 1660 Ti,6,Ultra,3840x2160,16,20.0
Far Cry 6,AMD Ryzen 7 5800X,RX 580,8,Ultra,3840x2160,16,20.6
Far Cry 6,AMD Ryzen 7 5800X,GTX 1070,8,Ultra,3840x2160,16,26.2
Far Cry 6,AMD Ryzen 7 5800X,GTX 1080,8,Ultra,3840x2160,16,30.9
Far Cry 6,AMD Ryzen 7 5800X,RTX 2060,6,Ultra,3840x2160,16,32.4
Far Cry 6,AMD Ryzen 7 5800X,RX Vega 64,8,Ultra,3840x2160,16,34.6
Far Cry 6,AMD Ryzen 7 5800X,RTX 2070,8,Ultra,3840x2160,16,38.4
Far Cry 6,AMD Ryzen 7 5800X,GTX 1080 Ti,11,Ultra,3840x2160,16,39.8
Far Cry 6,AMD Ryzen 7 5800X,RX 6600 XT,8,Ultra,3840x2160,16,40.0
Far Cry 6,AMD Ryzen 7 5800X,RTX 3060,12,Ultra,3840x2160,16,41.0
Far Cry 6,AMD Ryzen 7 5800X,RX 5700 XT,8,Ultra,3840x2160,16,43.4
Far Cry 6,AMD Ryzen 7 5800X,RTX 2080,8,Ultra,3840x2160,16,47.6
Far Cry 6,AMD Ryzen 7 5800X,RX 6700 XT,12,Ultra,3840x2160,16,51.6
Far Cry 6,AMD Ryzen 7 5800X,RTX 3060 Ti,8,Ultra,3840x2160,16,54.5
Far Cry 6,AMD Ryzen 7 5800X,RTX 2080 Ti,11,Ultra,3840x2160,16,57.8
Far Cry 6,AMD Ryzen 7 5800X,RTX 3070,8,Ultra,3840x2160,16,61.5
Far Cry 6,AMD Ryzen 7 5800X,RX 6800,16,Ultra,3840x2160,16,67.5
Far Cry 6,AMD Ryzen 7 5800X,RTX 3080,10,Ultra,3840x2160,16,76.2
Far Cry 6,AMD Ryzen 7 5800X,RX 6800 XT,16,Ultra,3840x2160,16,77.8
Far Cry 6,AMD Ryzen 7 5800X,RX 6900 XT,16,Ultra,3840x2160,16,78.0
Far Cry 6,AMD Ryzen 7 5800X,RTX 3080 Ti,12,Ultra,3840x2160,16,83.4
Far Cry 6,AMD Ryzen 7 5800X,RTX 3090,24,Ultra,3840x2160,16,84.4
Borderlands 3,Intel Core i9-9900K,RX 570,4,Ultra,1920x1080,16,34.8
Borderlands 3,Intel Core i9-9900K,GTX 1060,3,Ultra,1920x1080,16,35.4
Borderlands 3,Intel Core i9-9900K,RX 580,8,Ultra,1920x1080,16,39.2
Borderlands 3,Intel Core i9-9900K,GTX 1060,6,Ultra,1920x1080,16,39.4
Borderlands 3,Intel Core i9-9900K,RX 590,8,Ultra,1920x1080,16,42.7
Borderlands 3,Intel Core i9-9900K,GTX 1660,6,Ultra,1920x1080,16,47.0
Borderlands 3,Intel Core i9-9900K,GTX 1660 Ti,6,Ultra,1920x1080,16,52.6
Borderlands 3,Intel Core i9-9900K,GTX 1070,8,Ultra,1920x1080,16,54.4
Borderlands 3,Intel Core i9-9900K,RX Vega 56,8,Ultra,1920x1080,16,54.7
Borderlands 3,Intel Core i9-9900K,RX Vega 64,8,Ultra,1920x1080,16,60.3
Borderlands 3,Intel Core i9-9900K,RTX 2060,6,Ultra,1920x1080,16,63.1
Borderlands 3,Intel Core i9-9900K,GTX 1070 Ti,8,Ultra,1920x1080,16,64.4
Borderlands 3,Intel Core i9-9900K,RX 5700,8,Ultra,1920x1080,16,64.5
Borderlands 3,Intel Core i9-9900K,GTX 1080,8,Ultra,1920x1080,16,66.2
Borderlands 3,Intel Core i9-9900K,RTX 2060 Super,8,Ultra,1920x1080,16,71.5
Borderlands 3,Intel Core i9-9900K,RTX 2070,8,Ultra,1920x1080,16,74.9
Borderlands 3,Intel Core i9-9900K,Radeon VII,16,Ultra,1920x1080,16,75.3
Borderlands 3,Intel Core i9-9900K,RX 5700 XT,8,Ultra,1920x1080,16,75.4
Borderlands 3,Intel Core i9-9900K,RTX 2070 Super,8,Ultra,1920x1080,16,83.4
Borderlands 3,Intel Core i9-9900K,GTX 1080 Ti,11,Ultra,1920x1080,16,87.7
Borderlands 3,Intel Core i9-9900K,RTX 2080,8,Ultra,1920x1080,16,90.5
Borderlands 3,Intel Core i9-9900K,RTX 2080 Super,8,Ultra,1920x1080,16,95.1
Borderlands 3,Intel Core i9-9900K,RTX 2080 Ti,11,Ultra,1920x1080,16,113.0
Borderlands 3,Intel Core i9-9900K,RX 570,4,Ultra,2560x1440,16,23.2
Borderlands 3,Intel Core i9-9900K,GTX 1060,3,Ultra,2560x1440,16,23.8
Borderlands 3,Intel Core i9-9900K,GTX 1060,6,Ultra,2560x1440,16,26.5
Borderlands 3,Intel Core i9-9900K,RX 580,8,Ultra,2560x1440,16,27.4
Borderlands 3,Intel Core i9-9900K,GTX 1660,6,Ultra,2560x1440,16,29.8
Borderlands 3,Intel Core i9-9900K,RX 590,8,Ultra,2560x1440,16,29.9
Borderlands 3,Intel Core i9-9900K,GTX 1660 Ti,6,Ultra,2560x1440,16,34.4
Borderlands 3,Intel Core i9-9900K,GTX 1070,8,Ultra,2560x1440,16,36.8
Borderlands 3,Intel Core i9-9900K,RX Vega 56,8,Ultra,2560x1440,16,38.8
Borderlands 3,Intel Core i9-9900K,RTX 2060,6,Ultra,2560x1440,16,42.5
Borderlands 3,Intel Core i9-9900K,RX Vega 64,8,Ultra,2560x1440,16,42.7
Borderlands 3,Intel Core i9-9900K,GTX 1070 Ti,8,Ultra,2560x1440,16,43.3
Borderlands 3,Intel Core i9-9900K,GTX 1080,8,Ultra,2560x1440,16,44.2
Borderlands 3,Intel Core i9-9900K,RX 5700,8,Ultra,2560x1440,16,45.8
Borderlands 3,Intel Core i9-9900K,RTX 2060 Super,8,Ultra,2560x1440,16,48.7
Borderlands 3,Intel Core i9-9900K,RTX 2070,8,Ultra,2560x1440,16,50.9
Borderlands 3,Intel Core i9-9900K,RX 5700 XT,8,Ultra,2560x1440,16,52.7
Borderlands 3,Intel Core i9-9900K,Radeon VII,16,Ultra,2560x1440,16,55.1
Borderlands 3,Intel Core i9-9900K,RTX 2070 Super,8,Ultra,2560x1440,16,57.1
Borderlands 3,Intel Core i9-9900K,GTX 1080 Ti,11,Ultra,2560x1440,16,59.1
Borderlands 3,Intel Core i9-9900K,RTX 2080,8,Ultra,2560x1440,16,62.0
Borderlands 3,Intel Core i9-9900K,RTX 2080 Super,8,Ultra,2560x1440,16,65.7
Borderlands 3,Intel Core i9-9900K,RTX 2080 Ti,11,Ultra,2560x1440,16,78.5
Zenless Zone Zero,AMD Ryzen 9 7900X,RTX 4070,12,Ultra,3840x2160,32,129
Zenless Zone Zero,Intel Core i5-12400F,RTX 4060,8,Ultra,1920x1080,32,156
Zenless Zone Zero,Intel Core i5-12400F,RTX 4060,8,Ultra,2560x1440,32,119
Zenless Zone Zero,Intel Core i5-12400F,RTX 4060,8,Ultra,3840x2160,32,62
Zenless Zone Zero,Intel Core i5-13600K,RX 7800 XT,16,Ultra,3840x2160,32,117
Zenless Zone Zero,Intel Core i5-13600K,RX 7800 XT,16,Ultra,2560x1440,32,187
Zenless Zone Zero,Intel Core i5-10400F,RTX 4060,8,Ultra,2560x1440,16,132
Zenless Zone Zero,Intel Core i5-14400F,RTX 3060,12,Ultra,1920x1080,32,77
Zenless Zone Zero,Intel Core i5-14400F,RTX 3060,12,Ultra,2560x1440,32,68
Zenless Zone Zero,Intel Core i5-14400F,RTX 3060,12,Ultra,3840x2160,32,52
Zenless Zone Zero,AMD Ryzen 5 5600G,RTX 3060,12,Ultra,1920x1080,16,67
Zenless Zone Zero,AMD Ryzen 5 5600G,GTX 1060,6,Ultra,1920x1080,16,48
